{"model":{"type":"range_dispatch","property":"custom_model_data","index":0,"fallback":{"type":"minecraft:model","model":"minecraft:item/diamond_shovel"},"entries":[{"threshold":10000,"model":{"type":"model","model":"yufeng:ia_auto_gen/ruby_shovel"}},{"threshold":10001,"model":{"type":"model","model":"yufeng:ia_auto_gen/aquamarine_shovel"}},{"threshold":10002,"model":{"type":"model","model":"yufeng:ia_auto_gen/amethyst_shovel"}},{"threshold":10003,"model":{"type":"model","model":"yufeng:ia_auto_gen/bronze_shovel"}},{"threshold":10004,"model":{"type":"model","model":"yufeng:ia_auto_gen/odin_shovel"}},{"threshold":10005,"model":{"type":"model","model":"yufeng:ia_auto_gen/crystal_shovel"}},{"threshold":10006,"model":{"type":"model","model":"yufeng:ia_auto_gen/amazonite_shovel"}},{"threshold":10007,"model":{"type":"model","model":"yufeng:ia_auto_gen/prismanium_shovel"}},{"threshold":10008,"model":{"type":"model","model":"yufeng:ia_auto_gen/lunar_shovel"}},{"threshold":10009,"model":{"type":"model","model":"yufeng:ia_auto_gen/solar_shovel"}},{"threshold":10010,"model":{"type":"model","model":"yufeng:ia_auto_gen/molten_shovel"}},{"threshold":10011,"model":{"type":"model","model":"yufeng:ia_auto_gen/draconian_shovel"}},{"threshold":10012,"model":{"type":"model","model":"yufeng:ia_auto_gen/endernite_shovel"}},{"threshold":10013,"model":{"type":"model","model":"item/diamond_shovel"}}]},"oversized_in_gui":true}