{"model":{"type":"range_dispatch","property":"custom_model_data","index":0,"fallback":{"type":"minecraft:model","model":"minecraft:item/diamond_shovel"},"entries":[{"threshold":10000,"model":{"type":"model","model":"yufeng:item/ia_auto/ruby_shovel"}},{"threshold":10001,"model":{"type":"model","model":"yufeng:item/ia_auto/aquamarine_shovel"}},{"threshold":10002,"model":{"type":"model","model":"yufeng:item/ia_auto/amethyst_shovel"}},{"threshold":10003,"model":{"type":"model","model":"yufeng:item/ia_auto/bronze_shovel"}},{"threshold":10004,"model":{"type":"model","model":"yufeng:item/ia_auto/odin_shovel"}},{"threshold":10005,"model":{"type":"model","model":"yufeng:item/ia_auto/crystal_shovel"}},{"threshold":10006,"model":{"type":"model","model":"yufeng:item/ia_auto/amazonite_shovel"}},{"threshold":10007,"model":{"type":"model","model":"yufeng:item/ia_auto/prismanium_shovel"}},{"threshold":10008,"model":{"type":"model","model":"yufeng:item/ia_auto/lunar_shovel"}},{"threshold":10009,"model":{"type":"model","model":"yufeng:item/ia_auto/solar_shovel"}},{"threshold":10010,"model":{"type":"model","model":"yufeng:item/ia_auto/molten_shovel"}},{"threshold":10011,"model":{"type":"model","model":"yufeng:item/ia_auto/draconian_shovel"}},{"threshold":10012,"model":{"type":"model","model":"yufeng:item/ia_auto/endernite_shovel"}},{"threshold":10013,"model":{"type":"model","model":"item/diamond_shovel"}}]},"oversized_in_gui":true}