{"model":{"type":"range_dispatch","property":"custom_model_data","index":0,"fallback":{"type":"minecraft:condition","on_false":{"type":"minecraft:special","base":"minecraft:item/shield","model":{"type":"minecraft:shield"}},"on_true":{"type":"minecraft:special","base":"minecraft:item/shield_blocking","model":{"type":"minecraft:shield"}},"property":"minecraft:using_item"},"entries":[{"threshold":10000,"model":{"type":"minecraft:condition","on_false":{"type":"model","base":"minecraft:item/shield","model":"yufeng:item/bronze_shield"},"on_true":{"type":"model","base":"minecraft:item/shield_blocking","model":"yufeng:item/bronze_shield_blocking"},"property":"minecraft:using_item"}},{"threshold":10001,"model":{"type":"minecraft:condition","on_false":{"type":"model","base":"minecraft:item/shield","model":"yufeng:item/ruby_shield"},"on_true":{"type":"model","base":"minecraft:item/shield_blocking","model":"yufeng:item/ruby_shield_blocking"},"property":"minecraft:using_item"}},{"threshold":10002,"model":{"type":"minecraft:condition","on_false":{"type":"model","base":"minecraft:item/shield","model":"yufeng:item/aquamarine_shield"},"on_true":{"type":"model","base":"minecraft:item/shield_blocking","model":"yufeng:item/aquamarine_shield_blocking"},"property":"minecraft:using_item"}},{"threshold":10003,"model":{"type":"minecraft:condition","on_false":{"type":"model","base":"minecraft:item/shield","model":"yufeng:item/odin_shield"},"on_true":{"type":"model","base":"minecraft:item/shield_blocking","model":"yufeng:item/odin_shield_blocking"},"property":"minecraft:using_item"}},{"threshold":10004,"model":{"type":"minecraft:condition","on_false":{"type":"model","base":"minecraft:item/shield","model":"yufeng:item/solar_shield"},"on_true":{"type":"model","base":"minecraft:item/shield_blocking","model":"yufeng:item/solar_shield_blocking"},"property":"minecraft:using_item"}},{"threshold":10005,"model":{"type":"minecraft:condition","on_false":{"type":"model","base":"minecraft:item/shield","model":"yufeng:item/lunar_shield"},"on_true":{"type":"model","base":"minecraft:item/shield_blocking","model":"yufeng:item/lunar_shield_blocking"},"property":"minecraft:using_item"}},{"threshold":10006,"model":{"type":"minecraft:condition","on_false":{"type":"model","base":"minecraft:item/shield","model":"yufeng:item/amazonite_shield"},"on_true":{"type":"model","base":"minecraft:item/shield_blocking","model":"yufeng:item/amazonite_shield_blocking"},"property":"minecraft:using_item"}},{"threshold":10007,"model":{"type":"minecraft:condition","on_false":{"type":"model","base":"minecraft:item/shield","model":"yufeng:item/amethyst_shield"},"on_true":{"type":"model","base":"minecraft:item/shield_blocking","model":"yufeng:item/amethyst_shield_blocking"},"property":"minecraft:using_item"}},{"threshold":10008,"model":{"type":"minecraft:condition","on_false":{"type":"model","base":"minecraft:item/shield","model":"yufeng:item/netherite_shield"},"on_true":{"type":"model","base":"minecraft:item/shield_blocking","model":"yufeng:item/netherite_shield_blocking"},"property":"minecraft:using_item"}},{"threshold":10009,"model":{"type":"minecraft:condition","on_false":{"type":"model","base":"minecraft:item/shield","model":"yufeng:item/molten_shield"},"on_true":{"type":"model","base":"minecraft:item/shield_blocking","model":"yufeng:item/molten_shield_blocking"},"property":"minecraft:using_item"}},{"threshold":10010,"model":{"type":"minecraft:condition","on_false":{"type":"model","base":"minecraft:item/shield","model":"yufeng:item/advancedshield"},"on_true":{"type":"model","base":"minecraft:item/shield_blocking","model":"yufeng:item/advancedshield_blocking"},"property":"minecraft:using_item"}},{"threshold":10011,"model":{"type":"minecraft:condition","on_false":{"type":"model","base":"minecraft:item/shield","model":"yufeng:item/arrowshield"},"on_true":{"type":"model","base":"minecraft:item/shield_blocking","model":"yufeng:item/arrowshield_blocking"},"property":"minecraft:using_item"}},{"threshold":10012,"model":{"type":"minecraft:condition","on_false":{"type":"model","base":"minecraft:item/shield","model":"item/shield"},"on_true":{"type":"minecraft:special","base":"minecraft:item/shield_blocking","model":{"type":"minecraft:shield"}},"property":"minecraft:using_item"}}]},"oversized_in_gui":true}