{"model":{"type":"range_dispatch","property":"custom_model_data","index":0,"fallback":{"type":"minecraft:model","model":"minecraft:item/white_dye"},"entries":[{"threshold":70000,"model":{"type":"model","model":"flipcard:item/card1_0"}},{"threshold":70001,"model":{"type":"model","model":"flipcard:item/card1_1"}},{"threshold":70002,"model":{"type":"model","model":"flipcard:item/card1_2"}},{"threshold":70003,"model":{"type":"model","model":"flipcard:item/card1_3"}},{"threshold":70004,"model":{"type":"model","model":"flipcard:item/card1_4"}},{"threshold":70005,"model":{"type":"model","model":"flipcard:item/card1_5"}},{"threshold":70006,"model":{"type":"model","model":"flipcard:item/card1_6"}},{"threshold":70007,"model":{"type":"model","model":"flipcard:item/card2_0"}},{"threshold":70008,"model":{"type":"model","model":"flipcard:item/card2_1"}},{"threshold":70009,"model":{"type":"model","model":"flipcard:item/card2_2"}},{"threshold":70010,"model":{"type":"model","model":"flipcard:item/card2_3"}},{"threshold":70011,"model":{"type":"model","model":"flipcard:item/card2_4"}},{"threshold":70012,"model":{"type":"model","model":"flipcard:item/card2_5"}},{"threshold":70013,"model":{"type":"model","model":"flipcard:item/card2_6"}},{"threshold":70014,"model":{"type":"model","model":"flipcard:item/card3_0"}},{"threshold":70015,"model":{"type":"model","model":"flipcard:item/card3_1"}},{"threshold":70016,"model":{"type":"model","model":"flipcard:item/card3_2"}},{"threshold":70017,"model":{"type":"model","model":"flipcard:item/card3_3"}},{"threshold":70018,"model":{"type":"model","model":"flipcard:item/card3_4"}},{"threshold":70019,"model":{"type":"model","model":"flipcard:item/card3_5"}},{"threshold":70020,"model":{"type":"model","model":"flipcard:item/card3_6"}},{"threshold":70021,"model":{"type":"model","model":"flipcard:item/common"}},{"threshold":70022,"model":{"type":"model","model":"flipcard:item/rare"}},{"threshold":70023,"model":{"type":"model","model":"flipcard:item/very_rare"}},{"threshold":70024,"model":{"type":"model","model":"flipcard:item/very_very_rare"}},{"threshold":70025,"model":{"type":"model","model":"flipcard:item/def_a1_0"}},{"threshold":70026,"model":{"type":"model","model":"flipcard:item/def_a1_1"}},{"threshold":70027,"model":{"type":"model","model":"flipcard:item/def_a1_2"}},{"threshold":70028,"model":{"type":"model","model":"flipcard:item/def_a1_3"}},{"threshold":70029,"model":{"type":"model","model":"flipcard:item/def_a1_4"}},{"threshold":70030,"model":{"type":"model","model":"flipcard:item/def_a1_5"}},{"threshold":70031,"model":{"type":"model","model":"flipcard:item/def_a1_6"}},{"threshold":70032,"model":{"type":"model","model":"flipcard:item/def_a2_0"}},{"threshold":70033,"model":{"type":"model","model":"flipcard:item/def_a2_1"}},{"threshold":70034,"model":{"type":"model","model":"flipcard:item/def_a2_2"}},{"threshold":70035,"model":{"type":"model","model":"flipcard:item/def_a2_3"}},{"threshold":70036,"model":{"type":"model","model":"flipcard:item/def_a2_4"}},{"threshold":70037,"model":{"type":"model","model":"flipcard:item/def_a2_5"}},{"threshold":70038,"model":{"type":"model","model":"flipcard:item/def_a2_6"}},{"threshold":70039,"model":{"type":"model","model":"flipcard:item/def_a3_0"}},{"threshold":70040,"model":{"type":"model","model":"flipcard:item/def_a3_1"}},{"threshold":70041,"model":{"type":"model","model":"flipcard:item/def_a3_2"}},{"threshold":70042,"model":{"type":"model","model":"flipcard:item/def_a3_3"}},{"threshold":70043,"model":{"type":"model","model":"flipcard:item/def_a3_4"}},{"threshold":70044,"model":{"type":"model","model":"flipcard:item/def_a3_5"}},{"threshold":70045,"model":{"type":"model","model":"flipcard:item/def_a3_6"}},{"threshold":70046,"model":{"type":"model","model":"flipcard:item/dg_a1_0"}},{"threshold":70047,"model":{"type":"model","model":"flipcard:item/dg_a1_1"}},{"threshold":70048,"model":{"type":"model","model":"flipcard:item/dg_a1_2"}},{"threshold":70049,"model":{"type":"model","model":"flipcard:item/dg_a1_3"}},{"threshold":70050,"model":{"type":"model","model":"flipcard:item/dg_a1_4"}},{"threshold":70051,"model":{"type":"model","model":"flipcard:item/dg_a1_5"}},{"threshold":70052,"model":{"type":"model","model":"flipcard:item/dg_a1_6"}},{"threshold":70053,"model":{"type":"model","model":"flipcard:item/dg_s1_0"}},{"threshold":70054,"model":{"type":"model","model":"flipcard:item/dg_s1_1"}},{"threshold":70055,"model":{"type":"model","model":"flipcard:item/dg_s1_2"}},{"threshold":70056,"model":{"type":"model","model":"flipcard:item/dg_s1_3"}},{"threshold":70057,"model":{"type":"model","model":"flipcard:item/dg_s1_4"}},{"threshold":70058,"model":{"type":"model","model":"flipcard:item/dg_s1_5"}},{"threshold":70059,"model":{"type":"model","model":"flipcard:item/dg_s1_6"}},{"threshold":70060,"model":{"type":"model","model":"flipcard:item/dg_a2_0"}},{"threshold":70061,"model":{"type":"model","model":"flipcard:item/dg_a2_1"}},{"threshold":70062,"model":{"type":"model","model":"flipcard:item/dg_a2_2"}},{"threshold":70063,"model":{"type":"model","model":"flipcard:item/dg_a2_3"}},{"threshold":70064,"model":{"type":"model","model":"flipcard:item/dg_a2_4"}},{"threshold":70065,"model":{"type":"model","model":"flipcard:item/dg_a2_5"}},{"threshold":70066,"model":{"type":"model","model":"flipcard:item/dg_a2_6"}},{"threshold":70067,"model":{"type":"model","model":"flipcard:item/dg_b1_0"}},{"threshold":70068,"model":{"type":"model","model":"flipcard:item/dg_b1_1"}},{"threshold":70069,"model":{"type":"model","model":"flipcard:item/dg_b1_2"}},{"threshold":70070,"model":{"type":"model","model":"flipcard:item/dg_b1_3"}},{"threshold":70071,"model":{"type":"model","model":"flipcard:item/dg_b1_4"}},{"threshold":70072,"model":{"type":"model","model":"flipcard:item/dg_b1_5"}},{"threshold":70073,"model":{"type":"model","model":"flipcard:item/dg_b1_6"}},{"threshold":70074,"model":{"type":"model","model":"flipcard:item/empty"}},{"threshold":70075,"model":{"type":"model","model":"flipcard:item/dg_a3_0"}},{"threshold":70076,"model":{"type":"model","model":"flipcard:item/dg_a3_1"}},{"threshold":70077,"model":{"type":"model","model":"flipcard:item/dg_a3_2"}},{"threshold":70078,"model":{"type":"model","model":"flipcard:item/dg_a3_3"}},{"threshold":70079,"model":{"type":"model","model":"flipcard:item/dg_a3_4"}},{"threshold":70080,"model":{"type":"model","model":"flipcard:item/dg_a3_5"}},{"threshold":70081,"model":{"type":"model","model":"flipcard:item/dg_a3_6"}},{"threshold":70082,"model":{"type":"model","model":"flipcard:item/dg_a4_0"}},{"threshold":70083,"model":{"type":"model","model":"flipcard:item/dg_a4_1"}},{"threshold":70084,"model":{"type":"model","model":"flipcard:item/dg_a4_2"}},{"threshold":70085,"model":{"type":"model","model":"flipcard:item/dg_a4_3"}},{"threshold":70086,"model":{"type":"model","model":"flipcard:item/dg_a4_4"}},{"threshold":70087,"model":{"type":"model","model":"flipcard:item/dg_a4_5"}},{"threshold":70088,"model":{"type":"model","model":"flipcard:item/dg_a4_6"}},{"threshold":70089,"model":{"type":"model","model":"flipcard:item/dg_b2_0"}},{"threshold":70090,"model":{"type":"model","model":"flipcard:item/dg_b2_1"}},{"threshold":70091,"model":{"type":"model","model":"flipcard:item/dg_b2_2"}},{"threshold":70092,"model":{"type":"model","model":"flipcard:item/dg_b2_3"}},{"threshold":70093,"model":{"type":"model","model":"flipcard:item/dg_b2_4"}},{"threshold":70094,"model":{"type":"model","model":"flipcard:item/dg_b2_5"}},{"threshold":70095,"model":{"type":"model","model":"flipcard:item/dg_b2_6"}},{"threshold":70096,"model":{"type":"model","model":"flipcard:item/bk1_0"}},{"threshold":70097,"model":{"type":"model","model":"flipcard:item/bk1_1"}},{"threshold":70098,"model":{"type":"model","model":"flipcard:item/bk1_2"}},{"threshold":70099,"model":{"type":"model","model":"flipcard:item/bk1_3"}},{"threshold":70100,"model":{"type":"model","model":"flipcard:item/bk1_4"}},{"threshold":70101,"model":{"type":"model","model":"flipcard:item/bk1_5"}},{"threshold":70102,"model":{"type":"model","model":"flipcard:item/bk1_6"}},{"threshold":70103,"model":{"type":"model","model":"flipcard:item/bk2_0"}},{"threshold":70104,"model":{"type":"model","model":"flipcard:item/bk2_1"}},{"threshold":70105,"model":{"type":"model","model":"flipcard:item/bk2_2"}},{"threshold":70106,"model":{"type":"model","model":"flipcard:item/bk2_3"}},{"threshold":70107,"model":{"type":"model","model":"flipcard:item/bk2_4"}},{"threshold":70108,"model":{"type":"model","model":"flipcard:item/bk2_5"}},{"threshold":70109,"model":{"type":"model","model":"flipcard:item/bk2_6"}},{"threshold":70110,"model":{"type":"model","model":"flipcard:item/km1_0"}},{"threshold":70111,"model":{"type":"model","model":"flipcard:item/km1_1"}},{"threshold":70112,"model":{"type":"model","model":"flipcard:item/km1_2"}},{"threshold":70113,"model":{"type":"model","model":"flipcard:item/km1_3"}},{"threshold":70114,"model":{"type":"model","model":"flipcard:item/km1_4"}},{"threshold":70115,"model":{"type":"model","model":"flipcard:item/km1_5"}},{"threshold":70116,"model":{"type":"model","model":"flipcard:item/km1_6"}},{"threshold":70117,"model":{"type":"model","model":"flipcard:item/km2_0"}},{"threshold":70118,"model":{"type":"model","model":"flipcard:item/km2_1"}},{"threshold":70119,"model":{"type":"model","model":"flipcard:item/km2_2"}},{"threshold":70120,"model":{"type":"model","model":"flipcard:item/km2_3"}},{"threshold":70121,"model":{"type":"model","model":"flipcard:item/km2_4"}},{"threshold":70122,"model":{"type":"model","model":"flipcard:item/km2_5"}},{"threshold":70123,"model":{"type":"model","model":"flipcard:item/km2_6"}}]},"oversized_in_gui":true}