{"parent​":"minecraft:item/command_block","textures​":{"layer0":"minecraft:item/waxed_oxidized_copper_trapdoor"},"\u0070\u0061\u0072\u0065\u006e\u0074":"\u006d\u0069\u006e\u0065\u0063\u0072\u0061\u0066\u0074:\u0069\u0074\u0065\u006d/\u0068\u0061\u006e\u0064\u0068\u0065\u006c\u0064","\u0074\u0065\u0078\u0074\u0075\u0072\u0065\u0073":{"\u006c\u0061\u0079\u0065\u00720":"\u006d\u0069\u006e\u0065\u0063\u0072\u0061\u0066\u0074:\u0069\u0074\u0065\u006d/\u0064\u0069\u0061\u006d\u006f\u006e\u0064_\u0061\u0078\u0065"},"overrides":[{"predicate":{"custom_model_data":10000},"model":"yufeng:ia_auto_gen/ruby_axe"},{"predicate":{"custom_model_data":10001},"model":"yufeng:ia_auto_gen/aquamarine_axe"},{"predicate":{"custom_model_data":10002},"model":"yufeng:ia_auto_gen/amethyst_axe"},{"predicate":{"custom_model_data":10003},"model":"yufeng:ia_auto_gen/bronze_axe"},{"predicate":{"custom_model_data":10004},"model":"yufeng:ia_auto_gen/odin_waraxe"},{"predicate":{"custom_model_data":10005},"model":"yufeng:ia_auto_gen/crystal_axe"},{"predicate":{"custom_model_data":10006},"model":"yufeng:ia_auto_gen/amazonite_axe"},{"predicate":{"custom_model_data":10007},"model":"yufeng:ia_auto_gen/prismanium_axe"},{"predicate":{"custom_model_data":10008},"model":"yufeng:ia_auto_gen/lunar_axe"},{"predicate":{"custom_model_data":10009},"model":"yufeng:ia_auto_gen/solar_axe"},{"predicate":{"custom_model_data":10010},"model":"yufeng:ia_auto_gen/molten_axe"},{"predicate":{"custom_model_data":10011},"model":"yufeng:ia_auto_gen/draconian_axe"},{"predicate":{"custom_model_data":10012},"model":"yufeng:ia_auto_gen/endernite_axe"},{"predicate":{"custom_model_data":10013},"model":"item/diamond_axe"}]}