{"parent​":"minecraft:item/red_glazed_terracotta","textures​":{"layer0":"minecraft:item/light_blue_terracotta"},"\u0070\u0061\u0072\u0065\u006e\u0074":"\u006d\u0069\u006e\u0065\u0063\u0072\u0061\u0066\u0074:\u0069\u0074\u0065\u006d/\u0068\u0061\u006e\u0064\u0068\u0065\u006c\u0064","\u0074\u0065\u0078\u0074\u0075\u0072\u0065\u0073":{"\u006c\u0061\u0079\u0065\u00720":"\u006d\u0069\u006e\u0065\u0063\u0072\u0061\u0066\u0074:\u0069\u0074\u0065\u006d/\u0064\u0069\u0061\u006d\u006f\u006e\u0064_\u0070\u0069\u0063\u006b\u0061\u0078\u0065"},"overrides":[{"predicate":{"custom_model_data":10000},"model":"yufeng:item/ia_auto/ruby_pickaxe"},{"predicate":{"custom_model_data":10001},"model":"yufeng:item/ia_auto/aquamarine_pickaxe"},{"predicate":{"custom_model_data":10002},"model":"yufeng:item/ia_auto/amethyst_pickaxe"},{"predicate":{"custom_model_data":10003},"model":"yufeng:item/ia_auto/bronze_pickaxe"},{"predicate":{"custom_model_data":10004},"model":"yufeng:item/ia_auto/odin_pickaxe"},{"predicate":{"custom_model_data":10005},"model":"yufeng:item/ia_auto/crystal_pickaxe"},{"predicate":{"custom_model_data":10006},"model":"yufeng:item/ia_auto/amazonite_pickaxe"},{"predicate":{"custom_model_data":10007},"model":"yufeng:item/ia_auto/prismanium_pickaxe"},{"predicate":{"custom_model_data":10008},"model":"yufeng:item/ia_auto/crystal_hammer"},{"predicate":{"custom_model_data":10009},"model":"yufeng:item/ia_auto/amazonite_hammer"},{"predicate":{"custom_model_data":10010},"model":"yufeng:item/ia_auto/ruby_hammer"},{"predicate":{"custom_model_data":10011},"model":"yufeng:item/ia_auto/prismanium_hammer"},{"predicate":{"custom_model_data":10012},"model":"yufeng:item/ia_auto/lunar_pickaxe"},{"predicate":{"custom_model_data":10013},"model":"yufeng:item/ia_auto/lunar_hammer"},{"predicate":{"custom_model_data":10014},"model":"yufeng:item/ia_auto/solar_pickaxe"},{"predicate":{"custom_model_data":10015},"model":"yufeng:item/ia_auto/solar_hammer"},{"predicate":{"custom_model_data":10016},"model":"yufeng:item/ia_auto/diamond_hammer"},{"predicate":{"custom_model_data":10017},"model":"yufeng:item/ia_auto/netherite_hammer"},{"predicate":{"custom_model_data":10018},"model":"yufeng:item/ia_auto/odin_hammer"},{"predicate":{"custom_model_data":10019},"model":"yufeng:item/ia_auto/amethyst_hammer"},{"predicate":{"custom_model_data":10020},"model":"yufeng:item/ia_auto/aquamarine_hammer"},{"predicate":{"custom_model_data":10021},"model":"yufeng:item/ia_auto/bronze_hammer"},{"predicate":{"custom_model_data":10022},"model":"yufeng:item/ia_auto/molten_pickaxe"},{"predicate":{"custom_model_data":10023},"model":"yufeng:item/ia_auto/molten_hammer"},{"predicate":{"custom_model_data":10024},"model":"yufeng:item/ia_auto/draconian_pickaxe"},{"predicate":{"custom_model_data":10025},"model":"yufeng:item/ia_auto/draconian_hammer"},{"predicate":{"custom_model_data":10026},"model":"yufeng:item/ia_auto/endernite_pickaxe"},{"predicate":{"custom_model_data":10027},"model":"yufeng:item/ia_auto/endernite_hammer"},{"predicate":{"custom_model_data":10028},"model":"item/diamond_pickaxe"}]}