{"parent​":"minecraft:item/jungle_sapling","textures​":{"\u006c\u0061\u0079\u0065\u00720":"\u006d\u0069\u006e\u0065\u0063\u0072\u0061\u0066\u0074:\u0069\u0074\u0065\u006d/\u0064\u0069\u0061\u006d\u006f\u006e\u0064_\u0070\u0069\u0063\u006b\u0061\u0078\u0065"},"\u0070\u0061\u0072\u0065\u006e\u0074":"\u006d\u0069\u006e\u0065\u0063\u0072\u0061\u0066\u0074:\u0069\u0074\u0065\u006d/\u0068\u0061\u006e\u0064\u0068\u0065\u006c\u0064","\u0074\u0065\u0078\u0074\u0075\u0072\u0065\u0073":{"\u006c\u0061\u0079\u0065\u00720":"\u006d\u0069\u006e\u0065\u0063\u0072\u0061\u0066\u0074:\u0069\u0074\u0065\u006d/\u0064\u0069\u0061\u006d\u006f\u006e\u0064_\u0070\u0069\u0063\u006b\u0061\u0078\u0065"},"overrides":[{"predicate":{"custom_model_data":10000},"model":"yufeng:ia_auto_gen/ruby_pickaxe"},{"predicate":{"custom_model_data":10001},"model":"yufeng:ia_auto_gen/aquamarine_pickaxe"},{"predicate":{"custom_model_data":10002},"model":"yufeng:ia_auto_gen/amethyst_pickaxe"},{"predicate":{"custom_model_data":10003},"model":"yufeng:ia_auto_gen/bronze_pickaxe"},{"predicate":{"custom_model_data":10004},"model":"yufeng:ia_auto_gen/odin_pickaxe"},{"predicate":{"custom_model_data":10005},"model":"yufeng:ia_auto_gen/crystal_pickaxe"},{"predicate":{"custom_model_data":10006},"model":"yufeng:ia_auto_gen/amazonite_pickaxe"},{"predicate":{"custom_model_data":10007},"model":"yufeng:ia_auto_gen/prismanium_pickaxe"},{"predicate":{"custom_model_data":10008},"model":"yufeng:ia_auto_gen/crystal_hammer"},{"predicate":{"custom_model_data":10009},"model":"yufeng:ia_auto_gen/amazonite_hammer"},{"predicate":{"custom_model_data":10010},"model":"yufeng:ia_auto_gen/ruby_hammer"},{"predicate":{"custom_model_data":10011},"model":"yufeng:ia_auto_gen/prismanium_hammer"},{"predicate":{"custom_model_data":10012},"model":"yufeng:ia_auto_gen/lunar_pickaxe"},{"predicate":{"custom_model_data":10013},"model":"yufeng:ia_auto_gen/lunar_hammer"},{"predicate":{"custom_model_data":10014},"model":"yufeng:ia_auto_gen/solar_pickaxe"},{"predicate":{"custom_model_data":10015},"model":"yufeng:ia_auto_gen/solar_hammer"},{"predicate":{"custom_model_data":10016},"model":"yufeng:ia_auto_gen/diamond_hammer"},{"predicate":{"custom_model_data":10017},"model":"yufeng:ia_auto_gen/netherite_hammer"},{"predicate":{"custom_model_data":10018},"model":"yufeng:ia_auto_gen/odin_hammer"},{"predicate":{"custom_model_data":10019},"model":"yufeng:ia_auto_gen/amethyst_hammer"},{"predicate":{"custom_model_data":10020},"model":"yufeng:ia_auto_gen/aquamarine_hammer"},{"predicate":{"custom_model_data":10021},"model":"yufeng:ia_auto_gen/bronze_hammer"},{"predicate":{"custom_model_data":10022},"model":"yufeng:ia_auto_gen/molten_pickaxe"},{"predicate":{"custom_model_data":10023},"model":"yufeng:ia_auto_gen/molten_hammer"},{"predicate":{"custom_model_data":10024},"model":"yufeng:ia_auto_gen/draconian_pickaxe"},{"predicate":{"custom_model_data":10025},"model":"yufeng:ia_auto_gen/draconian_hammer"},{"predicate":{"custom_model_data":10026},"model":"yufeng:ia_auto_gen/endernite_pickaxe"},{"predicate":{"custom_model_data":10027},"model":"yufeng:ia_auto_gen/endernite_hammer"},{"predicate":{"custom_model_data":10028},"model":"item/diamond_pickaxe"}]}