{"parent​":"minecraft:item/dark_oak_stairs","textures​":{"\u006c\u0061\u0079\u0065\u00720":"\u006d\u0069\u006e\u0065\u0063\u0072\u0061\u0066\u0074:\u0069\u0074\u0065\u006d/\u0064\u0069\u0061\u006d\u006f\u006e\u0064_\u0073\u0068\u006f\u0076\u0065\u006c"},"\u0070\u0061\u0072\u0065\u006e\u0074":"\u006d\u0069\u006e\u0065\u0063\u0072\u0061\u0066\u0074:\u0069\u0074\u0065\u006d/\u0068\u0061\u006e\u0064\u0068\u0065\u006c\u0064","\u0074\u0065\u0078\u0074\u0075\u0072\u0065\u0073":{"\u006c\u0061\u0079\u0065\u00720":"\u006d\u0069\u006e\u0065\u0063\u0072\u0061\u0066\u0074:\u0069\u0074\u0065\u006d/\u0064\u0069\u0061\u006d\u006f\u006e\u0064_\u0073\u0068\u006f\u0076\u0065\u006c"},"overrides":[{"predicate":{"custom_model_data":10000},"model":"yufeng:ia_auto_gen/ruby_shovel"},{"predicate":{"custom_model_data":10001},"model":"yufeng:ia_auto_gen/aquamarine_shovel"},{"predicate":{"custom_model_data":10002},"model":"yufeng:ia_auto_gen/amethyst_shovel"},{"predicate":{"custom_model_data":10003},"model":"yufeng:ia_auto_gen/bronze_shovel"},{"predicate":{"custom_model_data":10004},"model":"yufeng:ia_auto_gen/odin_shovel"},{"predicate":{"custom_model_data":10005},"model":"yufeng:ia_auto_gen/crystal_shovel"},{"predicate":{"custom_model_data":10006},"model":"yufeng:ia_auto_gen/amazonite_shovel"},{"predicate":{"custom_model_data":10007},"model":"yufeng:ia_auto_gen/prismanium_shovel"},{"predicate":{"custom_model_data":10008},"model":"yufeng:ia_auto_gen/lunar_shovel"},{"predicate":{"custom_model_data":10009},"model":"yufeng:ia_auto_gen/solar_shovel"},{"predicate":{"custom_model_data":10010},"model":"yufeng:ia_auto_gen/molten_shovel"},{"predicate":{"custom_model_data":10011},"model":"yufeng:ia_auto_gen/draconian_shovel"},{"predicate":{"custom_model_data":10012},"model":"yufeng:ia_auto_gen/endernite_shovel"},{"predicate":{"custom_model_data":10013},"model":"item/diamond_shovel"}]}