{"parent​":"minecraft:item/ward_armor_trim_smithing_template","textures​":{"\u006c\u0061\u0079\u0065\u00720":"\u006d\u0069\u006e\u0065\u0063\u0072\u0061\u0066\u0074:\u0069\u0074\u0065\u006d/\u006c\u0065\u0061\u0074\u0068\u0065\u0072_\u006c\u0065\u0067\u0067\u0069\u006e\u0067\u0073","\u006c\u0061\u0079\u0065\u00721":"\u006d\u0069\u006e\u0065\u0063\u0072\u0061\u0066\u0074:\u0069\u0074\u0065\u006d/\u006c\u0065\u0061\u0074\u0068\u0065\u0072_\u006c\u0065\u0067\u0067\u0069\u006e\u0067\u0073_\u006f\u0076\u0065\u0072\u006c\u0061\u0079"},"\u0070\u0061\u0072\u0065\u006e\u0074":"\u006d\u0069\u006e\u0065\u0063\u0072\u0061\u0066\u0074:\u0069\u0074\u0065\u006d/\u0067\u0065\u006e\u0065\u0072\u0061\u0074\u0065\u0064","overrides":[{"model":"minecraft:item/leather_leggings_quartz_trim","predicate":{"trim_type":0.1}},{"model":"minecraft:item/leather_leggings_iron_trim","predicate":{"trim_type":0.2}},{"model":"minecraft:item/leather_leggings_netherite_trim","predicate":{"trim_type":0.3}},{"model":"minecraft:item/leather_leggings_redstone_trim","predicate":{"trim_type":0.4}},{"model":"minecraft:item/leather_leggings_copper_trim","predicate":{"trim_type":0.5}},{"model":"minecraft:item/leather_leggings_gold_trim","predicate":{"trim_type":0.6}},{"model":"minecraft:item/leather_leggings_emerald_trim","predicate":{"trim_type":0.7}},{"model":"minecraft:item/leather_leggings_diamond_trim","predicate":{"trim_type":0.8}},{"model":"minecraft:item/leather_leggings_lapis_trim","predicate":{"trim_type":0.9}},{"model":"minecraft:item/leather_leggings_amethyst_trim","predicate":{"trim_type":1.0}},{"predicate":{"custom_model_data":10000},"model":"yufeng:ia_auto_gen/ruby_legs"},{"predicate":{"trim_type":0.1,"custom_model_data":10000},"model":"yufeng:ia_auto_gen/ruby_legs"},{"predicate":{"trim_type":0.2,"custom_model_data":10000},"model":"yufeng:ia_auto_gen/ruby_legs"},{"predicate":{"trim_type":0.3,"custom_model_data":10000},"model":"yufeng:ia_auto_gen/ruby_legs"},{"predicate":{"trim_type":0.4,"custom_model_data":10000},"model":"yufeng:ia_auto_gen/ruby_legs"},{"predicate":{"trim_type":0.5,"custom_model_data":10000},"model":"yufeng:ia_auto_gen/ruby_legs"},{"predicate":{"trim_type":0.6,"custom_model_data":10000},"model":"yufeng:ia_auto_gen/ruby_legs"},{"predicate":{"trim_type":0.7,"custom_model_data":10000},"model":"yufeng:ia_auto_gen/ruby_legs"},{"predicate":{"trim_type":0.8,"custom_model_data":10000},"model":"yufeng:ia_auto_gen/ruby_legs"},{"predicate":{"trim_type":0.9,"custom_model_data":10000},"model":"yufeng:ia_auto_gen/ruby_legs"},{"predicate":{"trim_type":1.0,"custom_model_data":10000},"model":"yufeng:ia_auto_gen/ruby_legs"},{"predicate":{"custom_model_data":10001},"model":"yufeng:ia_auto_gen/aquamarine_legs"},{"predicate":{"trim_type":0.1,"custom_model_data":10001},"model":"yufeng:ia_auto_gen/aquamarine_legs"},{"predicate":{"trim_type":0.2,"custom_model_data":10001},"model":"yufeng:ia_auto_gen/aquamarine_legs"},{"predicate":{"trim_type":0.3,"custom_model_data":10001},"model":"yufeng:ia_auto_gen/aquamarine_legs"},{"predicate":{"trim_type":0.4,"custom_model_data":10001},"model":"yufeng:ia_auto_gen/aquamarine_legs"},{"predicate":{"trim_type":0.5,"custom_model_data":10001},"model":"yufeng:ia_auto_gen/aquamarine_legs"},{"predicate":{"trim_type":0.6,"custom_model_data":10001},"model":"yufeng:ia_auto_gen/aquamarine_legs"},{"predicate":{"trim_type":0.7,"custom_model_data":10001},"model":"yufeng:ia_auto_gen/aquamarine_legs"},{"predicate":{"trim_type":0.8,"custom_model_data":10001},"model":"yufeng:ia_auto_gen/aquamarine_legs"},{"predicate":{"trim_type":0.9,"custom_model_data":10001},"model":"yufeng:ia_auto_gen/aquamarine_legs"},{"predicate":{"trim_type":1.0,"custom_model_data":10001},"model":"yufeng:ia_auto_gen/aquamarine_legs"},{"predicate":{"custom_model_data":10002},"model":"yufeng:ia_auto_gen/amethyst_legs"},{"predicate":{"trim_type":0.1,"custom_model_data":10002},"model":"yufeng:ia_auto_gen/amethyst_legs"},{"predicate":{"trim_type":0.2,"custom_model_data":10002},"model":"yufeng:ia_auto_gen/amethyst_legs"},{"predicate":{"trim_type":0.3,"custom_model_data":10002},"model":"yufeng:ia_auto_gen/amethyst_legs"},{"predicate":{"trim_type":0.4,"custom_model_data":10002},"model":"yufeng:ia_auto_gen/amethyst_legs"},{"predicate":{"trim_type":0.5,"custom_model_data":10002},"model":"yufeng:ia_auto_gen/amethyst_legs"},{"predicate":{"trim_type":0.6,"custom_model_data":10002},"model":"yufeng:ia_auto_gen/amethyst_legs"},{"predicate":{"trim_type":0.7,"custom_model_data":10002},"model":"yufeng:ia_auto_gen/amethyst_legs"},{"predicate":{"trim_type":0.8,"custom_model_data":10002},"model":"yufeng:ia_auto_gen/amethyst_legs"},{"predicate":{"trim_type":0.9,"custom_model_data":10002},"model":"yufeng:ia_auto_gen/amethyst_legs"},{"predicate":{"trim_type":1.0,"custom_model_data":10002},"model":"yufeng:ia_auto_gen/amethyst_legs"},{"predicate":{"custom_model_data":10003},"model":"yufeng:ia_auto_gen/bronze_legs"},{"predicate":{"trim_type":0.1,"custom_model_data":10003},"model":"yufeng:ia_auto_gen/bronze_legs"},{"predicate":{"trim_type":0.2,"custom_model_data":10003},"model":"yufeng:ia_auto_gen/bronze_legs"},{"predicate":{"trim_type":0.3,"custom_model_data":10003},"model":"yufeng:ia_auto_gen/bronze_legs"},{"predicate":{"trim_type":0.4,"custom_model_data":10003},"model":"yufeng:ia_auto_gen/bronze_legs"},{"predicate":{"trim_type":0.5,"custom_model_data":10003},"model":"yufeng:ia_auto_gen/bronze_legs"},{"predicate":{"trim_type":0.6,"custom_model_data":10003},"model":"yufeng:ia_auto_gen/bronze_legs"},{"predicate":{"trim_type":0.7,"custom_model_data":10003},"model":"yufeng:ia_auto_gen/bronze_legs"},{"predicate":{"trim_type":0.8,"custom_model_data":10003},"model":"yufeng:ia_auto_gen/bronze_legs"},{"predicate":{"trim_type":0.9,"custom_model_data":10003},"model":"yufeng:ia_auto_gen/bronze_legs"},{"predicate":{"trim_type":1.0,"custom_model_data":10003},"model":"yufeng:ia_auto_gen/bronze_legs"},{"predicate":{"custom_model_data":10004},"model":"yufeng:ia_auto_gen/blu_pants"},{"predicate":{"trim_type":0.1,"custom_model_data":10004},"model":"yufeng:ia_auto_gen/blu_pants"},{"predicate":{"trim_type":0.2,"custom_model_data":10004},"model":"yufeng:ia_auto_gen/blu_pants"},{"predicate":{"trim_type":0.3,"custom_model_data":10004},"model":"yufeng:ia_auto_gen/blu_pants"},{"predicate":{"trim_type":0.4,"custom_model_data":10004},"model":"yufeng:ia_auto_gen/blu_pants"},{"predicate":{"trim_type":0.5,"custom_model_data":10004},"model":"yufeng:ia_auto_gen/blu_pants"},{"predicate":{"trim_type":0.6,"custom_model_data":10004},"model":"yufeng:ia_auto_gen/blu_pants"},{"predicate":{"trim_type":0.7,"custom_model_data":10004},"model":"yufeng:ia_auto_gen/blu_pants"},{"predicate":{"trim_type":0.8,"custom_model_data":10004},"model":"yufeng:ia_auto_gen/blu_pants"},{"predicate":{"trim_type":0.9,"custom_model_data":10004},"model":"yufeng:ia_auto_gen/blu_pants"},{"predicate":{"trim_type":1.0,"custom_model_data":10004},"model":"yufeng:ia_auto_gen/blu_pants"},{"predicate":{"custom_model_data":10005},"model":"yufeng:ia_auto_gen/crystal_legs"},{"predicate":{"trim_type":0.1,"custom_model_data":10005},"model":"yufeng:ia_auto_gen/crystal_legs"},{"predicate":{"trim_type":0.2,"custom_model_data":10005},"model":"yufeng:ia_auto_gen/crystal_legs"},{"predicate":{"trim_type":0.3,"custom_model_data":10005},"model":"yufeng:ia_auto_gen/crystal_legs"},{"predicate":{"trim_type":0.4,"custom_model_data":10005},"model":"yufeng:ia_auto_gen/crystal_legs"},{"predicate":{"trim_type":0.5,"custom_model_data":10005},"model":"yufeng:ia_auto_gen/crystal_legs"},{"predicate":{"trim_type":0.6,"custom_model_data":10005},"model":"yufeng:ia_auto_gen/crystal_legs"},{"predicate":{"trim_type":0.7,"custom_model_data":10005},"model":"yufeng:ia_auto_gen/crystal_legs"},{"predicate":{"trim_type":0.8,"custom_model_data":10005},"model":"yufeng:ia_auto_gen/crystal_legs"},{"predicate":{"trim_type":0.9,"custom_model_data":10005},"model":"yufeng:ia_auto_gen/crystal_legs"},{"predicate":{"trim_type":1.0,"custom_model_data":10005},"model":"yufeng:ia_auto_gen/crystal_legs"},{"predicate":{"custom_model_data":10006},"model":"yufeng:ia_auto_gen/amazonite_legs"},{"predicate":{"trim_type":0.1,"custom_model_data":10006},"model":"yufeng:ia_auto_gen/amazonite_legs"},{"predicate":{"trim_type":0.2,"custom_model_data":10006},"model":"yufeng:ia_auto_gen/amazonite_legs"},{"predicate":{"trim_type":0.3,"custom_model_data":10006},"model":"yufeng:ia_auto_gen/amazonite_legs"},{"predicate":{"trim_type":0.4,"custom_model_data":10006},"model":"yufeng:ia_auto_gen/amazonite_legs"},{"predicate":{"trim_type":0.5,"custom_model_data":10006},"model":"yufeng:ia_auto_gen/amazonite_legs"},{"predicate":{"trim_type":0.6,"custom_model_data":10006},"model":"yufeng:ia_auto_gen/amazonite_legs"},{"predicate":{"trim_type":0.7,"custom_model_data":10006},"model":"yufeng:ia_auto_gen/amazonite_legs"},{"predicate":{"trim_type":0.8,"custom_model_data":10006},"model":"yufeng:ia_auto_gen/amazonite_legs"},{"predicate":{"trim_type":0.9,"custom_model_data":10006},"model":"yufeng:ia_auto_gen/amazonite_legs"},{"predicate":{"trim_type":1.0,"custom_model_data":10006},"model":"yufeng:ia_auto_gen/amazonite_legs"},{"predicate":{"custom_model_data":10007},"model":"yufeng:ia_auto_gen/prismanium_legs"},{"predicate":{"trim_type":0.1,"custom_model_data":10007},"model":"yufeng:ia_auto_gen/prismanium_legs"},{"predicate":{"trim_type":0.2,"custom_model_data":10007},"model":"yufeng:ia_auto_gen/prismanium_legs"},{"predicate":{"trim_type":0.3,"custom_model_data":10007},"model":"yufeng:ia_auto_gen/prismanium_legs"},{"predicate":{"trim_type":0.4,"custom_model_data":10007},"model":"yufeng:ia_auto_gen/prismanium_legs"},{"predicate":{"trim_type":0.5,"custom_model_data":10007},"model":"yufeng:ia_auto_gen/prismanium_legs"},{"predicate":{"trim_type":0.6,"custom_model_data":10007},"model":"yufeng:ia_auto_gen/prismanium_legs"},{"predicate":{"trim_type":0.7,"custom_model_data":10007},"model":"yufeng:ia_auto_gen/prismanium_legs"},{"predicate":{"trim_type":0.8,"custom_model_data":10007},"model":"yufeng:ia_auto_gen/prismanium_legs"},{"predicate":{"trim_type":0.9,"custom_model_data":10007},"model":"yufeng:ia_auto_gen/prismanium_legs"},{"predicate":{"trim_type":1.0,"custom_model_data":10007},"model":"yufeng:ia_auto_gen/prismanium_legs"},{"predicate":{"custom_model_data":10008},"model":"yufeng:ia_auto_gen/lunar_legs"},{"predicate":{"trim_type":0.1,"custom_model_data":10008},"model":"yufeng:ia_auto_gen/lunar_legs"},{"predicate":{"trim_type":0.2,"custom_model_data":10008},"model":"yufeng:ia_auto_gen/lunar_legs"},{"predicate":{"trim_type":0.3,"custom_model_data":10008},"model":"yufeng:ia_auto_gen/lunar_legs"},{"predicate":{"trim_type":0.4,"custom_model_data":10008},"model":"yufeng:ia_auto_gen/lunar_legs"},{"predicate":{"trim_type":0.5,"custom_model_data":10008},"model":"yufeng:ia_auto_gen/lunar_legs"},{"predicate":{"trim_type":0.6,"custom_model_data":10008},"model":"yufeng:ia_auto_gen/lunar_legs"},{"predicate":{"trim_type":0.7,"custom_model_data":10008},"model":"yufeng:ia_auto_gen/lunar_legs"},{"predicate":{"trim_type":0.8,"custom_model_data":10008},"model":"yufeng:ia_auto_gen/lunar_legs"},{"predicate":{"trim_type":0.9,"custom_model_data":10008},"model":"yufeng:ia_auto_gen/lunar_legs"},{"predicate":{"trim_type":1.0,"custom_model_data":10008},"model":"yufeng:ia_auto_gen/lunar_legs"},{"predicate":{"custom_model_data":10009},"model":"yufeng:ia_auto_gen/solar_legs"},{"predicate":{"trim_type":0.1,"custom_model_data":10009},"model":"yufeng:ia_auto_gen/solar_legs"},{"predicate":{"trim_type":0.2,"custom_model_data":10009},"model":"yufeng:ia_auto_gen/solar_legs"},{"predicate":{"trim_type":0.3,"custom_model_data":10009},"model":"yufeng:ia_auto_gen/solar_legs"},{"predicate":{"trim_type":0.4,"custom_model_data":10009},"model":"yufeng:ia_auto_gen/solar_legs"},{"predicate":{"trim_type":0.5,"custom_model_data":10009},"model":"yufeng:ia_auto_gen/solar_legs"},{"predicate":{"trim_type":0.6,"custom_model_data":10009},"model":"yufeng:ia_auto_gen/solar_legs"},{"predicate":{"trim_type":0.7,"custom_model_data":10009},"model":"yufeng:ia_auto_gen/solar_legs"},{"predicate":{"trim_type":0.8,"custom_model_data":10009},"model":"yufeng:ia_auto_gen/solar_legs"},{"predicate":{"trim_type":0.9,"custom_model_data":10009},"model":"yufeng:ia_auto_gen/solar_legs"},{"predicate":{"trim_type":1.0,"custom_model_data":10009},"model":"yufeng:ia_auto_gen/solar_legs"},{"predicate":{"custom_model_data":10010},"model":"yufeng:ia_auto_gen/odin_legs"},{"predicate":{"trim_type":0.1,"custom_model_data":10010},"model":"yufeng:ia_auto_gen/odin_legs"},{"predicate":{"trim_type":0.2,"custom_model_data":10010},"model":"yufeng:ia_auto_gen/odin_legs"},{"predicate":{"trim_type":0.3,"custom_model_data":10010},"model":"yufeng:ia_auto_gen/odin_legs"},{"predicate":{"trim_type":0.4,"custom_model_data":10010},"model":"yufeng:ia_auto_gen/odin_legs"},{"predicate":{"trim_type":0.5,"custom_model_data":10010},"model":"yufeng:ia_auto_gen/odin_legs"},{"predicate":{"trim_type":0.6,"custom_model_data":10010},"model":"yufeng:ia_auto_gen/odin_legs"},{"predicate":{"trim_type":0.7,"custom_model_data":10010},"model":"yufeng:ia_auto_gen/odin_legs"},{"predicate":{"trim_type":0.8,"custom_model_data":10010},"model":"yufeng:ia_auto_gen/odin_legs"},{"predicate":{"trim_type":0.9,"custom_model_data":10010},"model":"yufeng:ia_auto_gen/odin_legs"},{"predicate":{"trim_type":1.0,"custom_model_data":10010},"model":"yufeng:ia_auto_gen/odin_legs"},{"predicate":{"custom_model_data":10011},"model":"yufeng:ia_auto_gen/molten_legs"},{"predicate":{"trim_type":0.1,"custom_model_data":10011},"model":"yufeng:ia_auto_gen/molten_legs"},{"predicate":{"trim_type":0.2,"custom_model_data":10011},"model":"yufeng:ia_auto_gen/molten_legs"},{"predicate":{"trim_type":0.3,"custom_model_data":10011},"model":"yufeng:ia_auto_gen/molten_legs"},{"predicate":{"trim_type":0.4,"custom_model_data":10011},"model":"yufeng:ia_auto_gen/molten_legs"},{"predicate":{"trim_type":0.5,"custom_model_data":10011},"model":"yufeng:ia_auto_gen/molten_legs"},{"predicate":{"trim_type":0.6,"custom_model_data":10011},"model":"yufeng:ia_auto_gen/molten_legs"},{"predicate":{"trim_type":0.7,"custom_model_data":10011},"model":"yufeng:ia_auto_gen/molten_legs"},{"predicate":{"trim_type":0.8,"custom_model_data":10011},"model":"yufeng:ia_auto_gen/molten_legs"},{"predicate":{"trim_type":0.9,"custom_model_data":10011},"model":"yufeng:ia_auto_gen/molten_legs"},{"predicate":{"trim_type":1.0,"custom_model_data":10011},"model":"yufeng:ia_auto_gen/molten_legs"},{"predicate":{"custom_model_data":10012},"model":"yufeng:ia_auto_gen/draconian_legs"},{"predicate":{"trim_type":0.1,"custom_model_data":10012},"model":"yufeng:ia_auto_gen/draconian_legs"},{"predicate":{"trim_type":0.2,"custom_model_data":10012},"model":"yufeng:ia_auto_gen/draconian_legs"},{"predicate":{"trim_type":0.3,"custom_model_data":10012},"model":"yufeng:ia_auto_gen/draconian_legs"},{"predicate":{"trim_type":0.4,"custom_model_data":10012},"model":"yufeng:ia_auto_gen/draconian_legs"},{"predicate":{"trim_type":0.5,"custom_model_data":10012},"model":"yufeng:ia_auto_gen/draconian_legs"},{"predicate":{"trim_type":0.6,"custom_model_data":10012},"model":"yufeng:ia_auto_gen/draconian_legs"},{"predicate":{"trim_type":0.7,"custom_model_data":10012},"model":"yufeng:ia_auto_gen/draconian_legs"},{"predicate":{"trim_type":0.8,"custom_model_data":10012},"model":"yufeng:ia_auto_gen/draconian_legs"},{"predicate":{"trim_type":0.9,"custom_model_data":10012},"model":"yufeng:ia_auto_gen/draconian_legs"},{"predicate":{"trim_type":1.0,"custom_model_data":10012},"model":"yufeng:ia_auto_gen/draconian_legs"},{"predicate":{"custom_model_data":10013},"model":"yufeng:ia_auto_gen/endernite_legs"},{"predicate":{"trim_type":0.1,"custom_model_data":10013},"model":"yufeng:ia_auto_gen/endernite_legs"},{"predicate":{"trim_type":0.2,"custom_model_data":10013},"model":"yufeng:ia_auto_gen/endernite_legs"},{"predicate":{"trim_type":0.3,"custom_model_data":10013},"model":"yufeng:ia_auto_gen/endernite_legs"},{"predicate":{"trim_type":0.4,"custom_model_data":10013},"model":"yufeng:ia_auto_gen/endernite_legs"},{"predicate":{"trim_type":0.5,"custom_model_data":10013},"model":"yufeng:ia_auto_gen/endernite_legs"},{"predicate":{"trim_type":0.6,"custom_model_data":10013},"model":"yufeng:ia_auto_gen/endernite_legs"},{"predicate":{"trim_type":0.7,"custom_model_data":10013},"model":"yufeng:ia_auto_gen/endernite_legs"},{"predicate":{"trim_type":0.8,"custom_model_data":10013},"model":"yufeng:ia_auto_gen/endernite_legs"},{"predicate":{"trim_type":0.9,"custom_model_data":10013},"model":"yufeng:ia_auto_gen/endernite_legs"},{"predicate":{"trim_type":1.0,"custom_model_data":10013},"model":"yufeng:ia_auto_gen/endernite_legs"},{"predicate":{"custom_model_data":10014},"model":"yufeng:ia_auto_gen/bojin_legs"},{"predicate":{"trim_type":0.1,"custom_model_data":10014},"model":"yufeng:ia_auto_gen/bojin_legs"},{"predicate":{"trim_type":0.2,"custom_model_data":10014},"model":"yufeng:ia_auto_gen/bojin_legs"},{"predicate":{"trim_type":0.3,"custom_model_data":10014},"model":"yufeng:ia_auto_gen/bojin_legs"},{"predicate":{"trim_type":0.4,"custom_model_data":10014},"model":"yufeng:ia_auto_gen/bojin_legs"},{"predicate":{"trim_type":0.5,"custom_model_data":10014},"model":"yufeng:ia_auto_gen/bojin_legs"},{"predicate":{"trim_type":0.6,"custom_model_data":10014},"model":"yufeng:ia_auto_gen/bojin_legs"},{"predicate":{"trim_type":0.7,"custom_model_data":10014},"model":"yufeng:ia_auto_gen/bojin_legs"},{"predicate":{"trim_type":0.8,"custom_model_data":10014},"model":"yufeng:ia_auto_gen/bojin_legs"},{"predicate":{"trim_type":0.9,"custom_model_data":10014},"model":"yufeng:ia_auto_gen/bojin_legs"},{"predicate":{"trim_type":1.0,"custom_model_data":10014},"model":"yufeng:ia_auto_gen/bojin_legs"},{"predicate":{"custom_model_data":10015},"model":"item/leather_leggings"}],"\u0074\u0065\u0078\u0074\u0075\u0072\u0065\u0073":{"\u006c\u0061\u0079\u0065\u00720":"\u006d\u0069\u006e\u0065\u0063\u0072\u0061\u0066\u0074:\u0069\u0074\u0065\u006d/\u006c\u0065\u0061\u0074\u0068\u0065\u0072_\u006c\u0065\u0067\u0067\u0069\u006e\u0067\u0073","\u006c\u0061\u0079\u0065\u00721":"\u006d\u0069\u006e\u0065\u0063\u0072\u0061\u0066\u0074:\u0069\u0074\u0065\u006d/\u006c\u0065\u0061\u0074\u0068\u0065\u0072_\u006c\u0065\u0067\u0067\u0069\u006e\u0067\u0073_\u006f\u0076\u0065\u0072\u006c\u0061\u0079"}}