{"parent​":"minecraft:item/blackstone_slab","textures​":{"layer0":"minecraft:item/blaze_powder"},"\u0070\u0061\u0072\u0065\u006e\u0074":"\u006d\u0069\u006e\u0065\u0063\u0072\u0061\u0066\u0074:\u0069\u0074\u0065\u006d/\u0067\u0065\u006e\u0065\u0072\u0061\u0074\u0065\u0064","overrides":[{"model":"minecraft:item/leather_helmet_quartz_trim","predicate":{"trim_type":0.1}},{"model":"minecraft:item/leather_helmet_iron_trim","predicate":{"trim_type":0.2}},{"model":"minecraft:item/leather_helmet_netherite_trim","predicate":{"trim_type":0.3}},{"model":"minecraft:item/leather_helmet_redstone_trim","predicate":{"trim_type":0.4}},{"model":"minecraft:item/leather_helmet_copper_trim","predicate":{"trim_type":0.5}},{"model":"minecraft:item/leather_helmet_gold_trim","predicate":{"trim_type":0.6}},{"model":"minecraft:item/leather_helmet_emerald_trim","predicate":{"trim_type":0.7}},{"model":"minecraft:item/leather_helmet_diamond_trim","predicate":{"trim_type":0.8}},{"model":"minecraft:item/leather_helmet_lapis_trim","predicate":{"trim_type":0.9}},{"model":"minecraft:item/leather_helmet_amethyst_trim","predicate":{"trim_type":1.0}},{"predicate":{"custom_model_data":10000},"model":"yufeng:ia_auto_gen/ruby_head"},{"predicate":{"trim_type":0.1,"custom_model_data":10000},"model":"yufeng:ia_auto_gen/ruby_head"},{"predicate":{"trim_type":0.2,"custom_model_data":10000},"model":"yufeng:ia_auto_gen/ruby_head"},{"predicate":{"trim_type":0.3,"custom_model_data":10000},"model":"yufeng:ia_auto_gen/ruby_head"},{"predicate":{"trim_type":0.4,"custom_model_data":10000},"model":"yufeng:ia_auto_gen/ruby_head"},{"predicate":{"trim_type":0.5,"custom_model_data":10000},"model":"yufeng:ia_auto_gen/ruby_head"},{"predicate":{"trim_type":0.6,"custom_model_data":10000},"model":"yufeng:ia_auto_gen/ruby_head"},{"predicate":{"trim_type":0.7,"custom_model_data":10000},"model":"yufeng:ia_auto_gen/ruby_head"},{"predicate":{"trim_type":0.8,"custom_model_data":10000},"model":"yufeng:ia_auto_gen/ruby_head"},{"predicate":{"trim_type":0.9,"custom_model_data":10000},"model":"yufeng:ia_auto_gen/ruby_head"},{"predicate":{"trim_type":1.0,"custom_model_data":10000},"model":"yufeng:ia_auto_gen/ruby_head"},{"predicate":{"custom_model_data":10001},"model":"yufeng:ia_auto_gen/aquamarine_head"},{"predicate":{"trim_type":0.1,"custom_model_data":10001},"model":"yufeng:ia_auto_gen/aquamarine_head"},{"predicate":{"trim_type":0.2,"custom_model_data":10001},"model":"yufeng:ia_auto_gen/aquamarine_head"},{"predicate":{"trim_type":0.3,"custom_model_data":10001},"model":"yufeng:ia_auto_gen/aquamarine_head"},{"predicate":{"trim_type":0.4,"custom_model_data":10001},"model":"yufeng:ia_auto_gen/aquamarine_head"},{"predicate":{"trim_type":0.5,"custom_model_data":10001},"model":"yufeng:ia_auto_gen/aquamarine_head"},{"predicate":{"trim_type":0.6,"custom_model_data":10001},"model":"yufeng:ia_auto_gen/aquamarine_head"},{"predicate":{"trim_type":0.7,"custom_model_data":10001},"model":"yufeng:ia_auto_gen/aquamarine_head"},{"predicate":{"trim_type":0.8,"custom_model_data":10001},"model":"yufeng:ia_auto_gen/aquamarine_head"},{"predicate":{"trim_type":0.9,"custom_model_data":10001},"model":"yufeng:ia_auto_gen/aquamarine_head"},{"predicate":{"trim_type":1.0,"custom_model_data":10001},"model":"yufeng:ia_auto_gen/aquamarine_head"},{"predicate":{"custom_model_data":10002},"model":"yufeng:ia_auto_gen/amethyst_head"},{"predicate":{"trim_type":0.1,"custom_model_data":10002},"model":"yufeng:ia_auto_gen/amethyst_head"},{"predicate":{"trim_type":0.2,"custom_model_data":10002},"model":"yufeng:ia_auto_gen/amethyst_head"},{"predicate":{"trim_type":0.3,"custom_model_data":10002},"model":"yufeng:ia_auto_gen/amethyst_head"},{"predicate":{"trim_type":0.4,"custom_model_data":10002},"model":"yufeng:ia_auto_gen/amethyst_head"},{"predicate":{"trim_type":0.5,"custom_model_data":10002},"model":"yufeng:ia_auto_gen/amethyst_head"},{"predicate":{"trim_type":0.6,"custom_model_data":10002},"model":"yufeng:ia_auto_gen/amethyst_head"},{"predicate":{"trim_type":0.7,"custom_model_data":10002},"model":"yufeng:ia_auto_gen/amethyst_head"},{"predicate":{"trim_type":0.8,"custom_model_data":10002},"model":"yufeng:ia_auto_gen/amethyst_head"},{"predicate":{"trim_type":0.9,"custom_model_data":10002},"model":"yufeng:ia_auto_gen/amethyst_head"},{"predicate":{"trim_type":1.0,"custom_model_data":10002},"model":"yufeng:ia_auto_gen/amethyst_head"},{"predicate":{"custom_model_data":10003},"model":"yufeng:ia_auto_gen/bronze_head"},{"predicate":{"trim_type":0.1,"custom_model_data":10003},"model":"yufeng:ia_auto_gen/bronze_head"},{"predicate":{"trim_type":0.2,"custom_model_data":10003},"model":"yufeng:ia_auto_gen/bronze_head"},{"predicate":{"trim_type":0.3,"custom_model_data":10003},"model":"yufeng:ia_auto_gen/bronze_head"},{"predicate":{"trim_type":0.4,"custom_model_data":10003},"model":"yufeng:ia_auto_gen/bronze_head"},{"predicate":{"trim_type":0.5,"custom_model_data":10003},"model":"yufeng:ia_auto_gen/bronze_head"},{"predicate":{"trim_type":0.6,"custom_model_data":10003},"model":"yufeng:ia_auto_gen/bronze_head"},{"predicate":{"trim_type":0.7,"custom_model_data":10003},"model":"yufeng:ia_auto_gen/bronze_head"},{"predicate":{"trim_type":0.8,"custom_model_data":10003},"model":"yufeng:ia_auto_gen/bronze_head"},{"predicate":{"trim_type":0.9,"custom_model_data":10003},"model":"yufeng:ia_auto_gen/bronze_head"},{"predicate":{"trim_type":1.0,"custom_model_data":10003},"model":"yufeng:ia_auto_gen/bronze_head"},{"predicate":{"custom_model_data":10004},"model":"yufeng:ia_auto_gen/nautilus_helmet"},{"predicate":{"trim_type":0.1,"custom_model_data":10004},"model":"yufeng:ia_auto_gen/nautilus_helmet"},{"predicate":{"trim_type":0.2,"custom_model_data":10004},"model":"yufeng:ia_auto_gen/nautilus_helmet"},{"predicate":{"trim_type":0.3,"custom_model_data":10004},"model":"yufeng:ia_auto_gen/nautilus_helmet"},{"predicate":{"trim_type":0.4,"custom_model_data":10004},"model":"yufeng:ia_auto_gen/nautilus_helmet"},{"predicate":{"trim_type":0.5,"custom_model_data":10004},"model":"yufeng:ia_auto_gen/nautilus_helmet"},{"predicate":{"trim_type":0.6,"custom_model_data":10004},"model":"yufeng:ia_auto_gen/nautilus_helmet"},{"predicate":{"trim_type":0.7,"custom_model_data":10004},"model":"yufeng:ia_auto_gen/nautilus_helmet"},{"predicate":{"trim_type":0.8,"custom_model_data":10004},"model":"yufeng:ia_auto_gen/nautilus_helmet"},{"predicate":{"trim_type":0.9,"custom_model_data":10004},"model":"yufeng:ia_auto_gen/nautilus_helmet"},{"predicate":{"trim_type":1.0,"custom_model_data":10004},"model":"yufeng:ia_auto_gen/nautilus_helmet"},{"predicate":{"custom_model_data":10005},"model":"yufeng:ia_auto_gen/crystal_head"},{"predicate":{"trim_type":0.1,"custom_model_data":10005},"model":"yufeng:ia_auto_gen/crystal_head"},{"predicate":{"trim_type":0.2,"custom_model_data":10005},"model":"yufeng:ia_auto_gen/crystal_head"},{"predicate":{"trim_type":0.3,"custom_model_data":10005},"model":"yufeng:ia_auto_gen/crystal_head"},{"predicate":{"trim_type":0.4,"custom_model_data":10005},"model":"yufeng:ia_auto_gen/crystal_head"},{"predicate":{"trim_type":0.5,"custom_model_data":10005},"model":"yufeng:ia_auto_gen/crystal_head"},{"predicate":{"trim_type":0.6,"custom_model_data":10005},"model":"yufeng:ia_auto_gen/crystal_head"},{"predicate":{"trim_type":0.7,"custom_model_data":10005},"model":"yufeng:ia_auto_gen/crystal_head"},{"predicate":{"trim_type":0.8,"custom_model_data":10005},"model":"yufeng:ia_auto_gen/crystal_head"},{"predicate":{"trim_type":0.9,"custom_model_data":10005},"model":"yufeng:ia_auto_gen/crystal_head"},{"predicate":{"trim_type":1.0,"custom_model_data":10005},"model":"yufeng:ia_auto_gen/crystal_head"},{"predicate":{"custom_model_data":10006},"model":"yufeng:ia_auto_gen/amazonite_head"},{"predicate":{"trim_type":0.1,"custom_model_data":10006},"model":"yufeng:ia_auto_gen/amazonite_head"},{"predicate":{"trim_type":0.2,"custom_model_data":10006},"model":"yufeng:ia_auto_gen/amazonite_head"},{"predicate":{"trim_type":0.3,"custom_model_data":10006},"model":"yufeng:ia_auto_gen/amazonite_head"},{"predicate":{"trim_type":0.4,"custom_model_data":10006},"model":"yufeng:ia_auto_gen/amazonite_head"},{"predicate":{"trim_type":0.5,"custom_model_data":10006},"model":"yufeng:ia_auto_gen/amazonite_head"},{"predicate":{"trim_type":0.6,"custom_model_data":10006},"model":"yufeng:ia_auto_gen/amazonite_head"},{"predicate":{"trim_type":0.7,"custom_model_data":10006},"model":"yufeng:ia_auto_gen/amazonite_head"},{"predicate":{"trim_type":0.8,"custom_model_data":10006},"model":"yufeng:ia_auto_gen/amazonite_head"},{"predicate":{"trim_type":0.9,"custom_model_data":10006},"model":"yufeng:ia_auto_gen/amazonite_head"},{"predicate":{"trim_type":1.0,"custom_model_data":10006},"model":"yufeng:ia_auto_gen/amazonite_head"},{"predicate":{"custom_model_data":10007},"model":"yufeng:ia_auto_gen/prismanium_head"},{"predicate":{"trim_type":0.1,"custom_model_data":10007},"model":"yufeng:ia_auto_gen/prismanium_head"},{"predicate":{"trim_type":0.2,"custom_model_data":10007},"model":"yufeng:ia_auto_gen/prismanium_head"},{"predicate":{"trim_type":0.3,"custom_model_data":10007},"model":"yufeng:ia_auto_gen/prismanium_head"},{"predicate":{"trim_type":0.4,"custom_model_data":10007},"model":"yufeng:ia_auto_gen/prismanium_head"},{"predicate":{"trim_type":0.5,"custom_model_data":10007},"model":"yufeng:ia_auto_gen/prismanium_head"},{"predicate":{"trim_type":0.6,"custom_model_data":10007},"model":"yufeng:ia_auto_gen/prismanium_head"},{"predicate":{"trim_type":0.7,"custom_model_data":10007},"model":"yufeng:ia_auto_gen/prismanium_head"},{"predicate":{"trim_type":0.8,"custom_model_data":10007},"model":"yufeng:ia_auto_gen/prismanium_head"},{"predicate":{"trim_type":0.9,"custom_model_data":10007},"model":"yufeng:ia_auto_gen/prismanium_head"},{"predicate":{"trim_type":1.0,"custom_model_data":10007},"model":"yufeng:ia_auto_gen/prismanium_head"},{"predicate":{"custom_model_data":10008},"model":"yufeng:ia_auto_gen/lunar_head"},{"predicate":{"trim_type":0.1,"custom_model_data":10008},"model":"yufeng:ia_auto_gen/lunar_head"},{"predicate":{"trim_type":0.2,"custom_model_data":10008},"model":"yufeng:ia_auto_gen/lunar_head"},{"predicate":{"trim_type":0.3,"custom_model_data":10008},"model":"yufeng:ia_auto_gen/lunar_head"},{"predicate":{"trim_type":0.4,"custom_model_data":10008},"model":"yufeng:ia_auto_gen/lunar_head"},{"predicate":{"trim_type":0.5,"custom_model_data":10008},"model":"yufeng:ia_auto_gen/lunar_head"},{"predicate":{"trim_type":0.6,"custom_model_data":10008},"model":"yufeng:ia_auto_gen/lunar_head"},{"predicate":{"trim_type":0.7,"custom_model_data":10008},"model":"yufeng:ia_auto_gen/lunar_head"},{"predicate":{"trim_type":0.8,"custom_model_data":10008},"model":"yufeng:ia_auto_gen/lunar_head"},{"predicate":{"trim_type":0.9,"custom_model_data":10008},"model":"yufeng:ia_auto_gen/lunar_head"},{"predicate":{"trim_type":1.0,"custom_model_data":10008},"model":"yufeng:ia_auto_gen/lunar_head"},{"predicate":{"custom_model_data":10009},"model":"yufeng:ia_auto_gen/solar_head"},{"predicate":{"trim_type":0.1,"custom_model_data":10009},"model":"yufeng:ia_auto_gen/solar_head"},{"predicate":{"trim_type":0.2,"custom_model_data":10009},"model":"yufeng:ia_auto_gen/solar_head"},{"predicate":{"trim_type":0.3,"custom_model_data":10009},"model":"yufeng:ia_auto_gen/solar_head"},{"predicate":{"trim_type":0.4,"custom_model_data":10009},"model":"yufeng:ia_auto_gen/solar_head"},{"predicate":{"trim_type":0.5,"custom_model_data":10009},"model":"yufeng:ia_auto_gen/solar_head"},{"predicate":{"trim_type":0.6,"custom_model_data":10009},"model":"yufeng:ia_auto_gen/solar_head"},{"predicate":{"trim_type":0.7,"custom_model_data":10009},"model":"yufeng:ia_auto_gen/solar_head"},{"predicate":{"trim_type":0.8,"custom_model_data":10009},"model":"yufeng:ia_auto_gen/solar_head"},{"predicate":{"trim_type":0.9,"custom_model_data":10009},"model":"yufeng:ia_auto_gen/solar_head"},{"predicate":{"trim_type":1.0,"custom_model_data":10009},"model":"yufeng:ia_auto_gen/solar_head"},{"predicate":{"custom_model_data":10010},"model":"yufeng:ia_auto_gen/odin_head"},{"predicate":{"trim_type":0.1,"custom_model_data":10010},"model":"yufeng:ia_auto_gen/odin_head"},{"predicate":{"trim_type":0.2,"custom_model_data":10010},"model":"yufeng:ia_auto_gen/odin_head"},{"predicate":{"trim_type":0.3,"custom_model_data":10010},"model":"yufeng:ia_auto_gen/odin_head"},{"predicate":{"trim_type":0.4,"custom_model_data":10010},"model":"yufeng:ia_auto_gen/odin_head"},{"predicate":{"trim_type":0.5,"custom_model_data":10010},"model":"yufeng:ia_auto_gen/odin_head"},{"predicate":{"trim_type":0.6,"custom_model_data":10010},"model":"yufeng:ia_auto_gen/odin_head"},{"predicate":{"trim_type":0.7,"custom_model_data":10010},"model":"yufeng:ia_auto_gen/odin_head"},{"predicate":{"trim_type":0.8,"custom_model_data":10010},"model":"yufeng:ia_auto_gen/odin_head"},{"predicate":{"trim_type":0.9,"custom_model_data":10010},"model":"yufeng:ia_auto_gen/odin_head"},{"predicate":{"trim_type":1.0,"custom_model_data":10010},"model":"yufeng:ia_auto_gen/odin_head"},{"predicate":{"custom_model_data":10011},"model":"yufeng:ia_auto_gen/molten_head"},{"predicate":{"trim_type":0.1,"custom_model_data":10011},"model":"yufeng:ia_auto_gen/molten_head"},{"predicate":{"trim_type":0.2,"custom_model_data":10011},"model":"yufeng:ia_auto_gen/molten_head"},{"predicate":{"trim_type":0.3,"custom_model_data":10011},"model":"yufeng:ia_auto_gen/molten_head"},{"predicate":{"trim_type":0.4,"custom_model_data":10011},"model":"yufeng:ia_auto_gen/molten_head"},{"predicate":{"trim_type":0.5,"custom_model_data":10011},"model":"yufeng:ia_auto_gen/molten_head"},{"predicate":{"trim_type":0.6,"custom_model_data":10011},"model":"yufeng:ia_auto_gen/molten_head"},{"predicate":{"trim_type":0.7,"custom_model_data":10011},"model":"yufeng:ia_auto_gen/molten_head"},{"predicate":{"trim_type":0.8,"custom_model_data":10011},"model":"yufeng:ia_auto_gen/molten_head"},{"predicate":{"trim_type":0.9,"custom_model_data":10011},"model":"yufeng:ia_auto_gen/molten_head"},{"predicate":{"trim_type":1.0,"custom_model_data":10011},"model":"yufeng:ia_auto_gen/molten_head"},{"predicate":{"custom_model_data":10012},"model":"yufeng:ia_auto_gen/draconian_head"},{"predicate":{"trim_type":0.1,"custom_model_data":10012},"model":"yufeng:ia_auto_gen/draconian_head"},{"predicate":{"trim_type":0.2,"custom_model_data":10012},"model":"yufeng:ia_auto_gen/draconian_head"},{"predicate":{"trim_type":0.3,"custom_model_data":10012},"model":"yufeng:ia_auto_gen/draconian_head"},{"predicate":{"trim_type":0.4,"custom_model_data":10012},"model":"yufeng:ia_auto_gen/draconian_head"},{"predicate":{"trim_type":0.5,"custom_model_data":10012},"model":"yufeng:ia_auto_gen/draconian_head"},{"predicate":{"trim_type":0.6,"custom_model_data":10012},"model":"yufeng:ia_auto_gen/draconian_head"},{"predicate":{"trim_type":0.7,"custom_model_data":10012},"model":"yufeng:ia_auto_gen/draconian_head"},{"predicate":{"trim_type":0.8,"custom_model_data":10012},"model":"yufeng:ia_auto_gen/draconian_head"},{"predicate":{"trim_type":0.9,"custom_model_data":10012},"model":"yufeng:ia_auto_gen/draconian_head"},{"predicate":{"trim_type":1.0,"custom_model_data":10012},"model":"yufeng:ia_auto_gen/draconian_head"},{"predicate":{"custom_model_data":10013},"model":"yufeng:ia_auto_gen/endernite_head"},{"predicate":{"trim_type":0.1,"custom_model_data":10013},"model":"yufeng:ia_auto_gen/endernite_head"},{"predicate":{"trim_type":0.2,"custom_model_data":10013},"model":"yufeng:ia_auto_gen/endernite_head"},{"predicate":{"trim_type":0.3,"custom_model_data":10013},"model":"yufeng:ia_auto_gen/endernite_head"},{"predicate":{"trim_type":0.4,"custom_model_data":10013},"model":"yufeng:ia_auto_gen/endernite_head"},{"predicate":{"trim_type":0.5,"custom_model_data":10013},"model":"yufeng:ia_auto_gen/endernite_head"},{"predicate":{"trim_type":0.6,"custom_model_data":10013},"model":"yufeng:ia_auto_gen/endernite_head"},{"predicate":{"trim_type":0.7,"custom_model_data":10013},"model":"yufeng:ia_auto_gen/endernite_head"},{"predicate":{"trim_type":0.8,"custom_model_data":10013},"model":"yufeng:ia_auto_gen/endernite_head"},{"predicate":{"trim_type":0.9,"custom_model_data":10013},"model":"yufeng:ia_auto_gen/endernite_head"},{"predicate":{"trim_type":1.0,"custom_model_data":10013},"model":"yufeng:ia_auto_gen/endernite_head"},{"predicate":{"custom_model_data":10014},"model":"yufeng:ia_auto_gen/bojin_head"},{"predicate":{"trim_type":0.1,"custom_model_data":10014},"model":"yufeng:ia_auto_gen/bojin_head"},{"predicate":{"trim_type":0.2,"custom_model_data":10014},"model":"yufeng:ia_auto_gen/bojin_head"},{"predicate":{"trim_type":0.3,"custom_model_data":10014},"model":"yufeng:ia_auto_gen/bojin_head"},{"predicate":{"trim_type":0.4,"custom_model_data":10014},"model":"yufeng:ia_auto_gen/bojin_head"},{"predicate":{"trim_type":0.5,"custom_model_data":10014},"model":"yufeng:ia_auto_gen/bojin_head"},{"predicate":{"trim_type":0.6,"custom_model_data":10014},"model":"yufeng:ia_auto_gen/bojin_head"},{"predicate":{"trim_type":0.7,"custom_model_data":10014},"model":"yufeng:ia_auto_gen/bojin_head"},{"predicate":{"trim_type":0.8,"custom_model_data":10014},"model":"yufeng:ia_auto_gen/bojin_head"},{"predicate":{"trim_type":0.9,"custom_model_data":10014},"model":"yufeng:ia_auto_gen/bojin_head"},{"predicate":{"trim_type":1.0,"custom_model_data":10014},"model":"yufeng:ia_auto_gen/bojin_head"},{"predicate":{"custom_model_data":10015},"model":"item/leather_helmet"}],"\u0074\u0065\u0078\u0074\u0075\u0072\u0065\u0073":{"\u006c\u0061\u0079\u0065\u00720":"\u006d\u0069\u006e\u0065\u0063\u0072\u0061\u0066\u0074:\u0069\u0074\u0065\u006d/\u006c\u0065\u0061\u0074\u0068\u0065\u0072_\u0068\u0065\u006c\u006d\u0065\u0074","\u006c\u0061\u0079\u0065\u00721":"\u006d\u0069\u006e\u0065\u0063\u0072\u0061\u0066\u0074:\u0069\u0074\u0065\u006d/\u006c\u0065\u0061\u0074\u0068\u0065\u0072_\u0068\u0065\u006c\u006d\u0065\u0074_\u006f\u0076\u0065\u0072\u006c\u0061\u0079"}}