{"parent​":"minecraft:item/grass_block","textures​":{"layer0":"minecraft:item/magenta_dye"},"\u0070\u0061\u0072\u0065\u006e\u0074":"\u006d\u0069\u006e\u0065\u0063\u0072\u0061\u0066\u0074:\u0069\u0074\u0065\u006d/\u0067\u0065\u006e\u0065\u0072\u0061\u0074\u0065\u0064","overrides":[{"model":"minecraft:item/leather_chestplate_quartz_trim","predicate":{"trim_type":0.1}},{"model":"minecraft:item/leather_chestplate_iron_trim","predicate":{"trim_type":0.2}},{"model":"minecraft:item/leather_chestplate_netherite_trim","predicate":{"trim_type":0.3}},{"model":"minecraft:item/leather_chestplate_redstone_trim","predicate":{"trim_type":0.4}},{"model":"minecraft:item/leather_chestplate_copper_trim","predicate":{"trim_type":0.5}},{"model":"minecraft:item/leather_chestplate_gold_trim","predicate":{"trim_type":0.6}},{"model":"minecraft:item/leather_chestplate_emerald_trim","predicate":{"trim_type":0.7}},{"model":"minecraft:item/leather_chestplate_diamond_trim","predicate":{"trim_type":0.8}},{"model":"minecraft:item/leather_chestplate_lapis_trim","predicate":{"trim_type":0.9}},{"model":"minecraft:item/leather_chestplate_amethyst_trim","predicate":{"trim_type":1.0}},{"predicate":{"custom_model_data":10000},"model":"yufeng:ia_auto_gen/ruby_chest"},{"predicate":{"trim_type":0.1,"custom_model_data":10000},"model":"yufeng:ia_auto_gen/ruby_chest"},{"predicate":{"trim_type":0.2,"custom_model_data":10000},"model":"yufeng:ia_auto_gen/ruby_chest"},{"predicate":{"trim_type":0.3,"custom_model_data":10000},"model":"yufeng:ia_auto_gen/ruby_chest"},{"predicate":{"trim_type":0.4,"custom_model_data":10000},"model":"yufeng:ia_auto_gen/ruby_chest"},{"predicate":{"trim_type":0.5,"custom_model_data":10000},"model":"yufeng:ia_auto_gen/ruby_chest"},{"predicate":{"trim_type":0.6,"custom_model_data":10000},"model":"yufeng:ia_auto_gen/ruby_chest"},{"predicate":{"trim_type":0.7,"custom_model_data":10000},"model":"yufeng:ia_auto_gen/ruby_chest"},{"predicate":{"trim_type":0.8,"custom_model_data":10000},"model":"yufeng:ia_auto_gen/ruby_chest"},{"predicate":{"trim_type":0.9,"custom_model_data":10000},"model":"yufeng:ia_auto_gen/ruby_chest"},{"predicate":{"trim_type":1.0,"custom_model_data":10000},"model":"yufeng:ia_auto_gen/ruby_chest"},{"predicate":{"custom_model_data":10001},"model":"yufeng:ia_auto_gen/aquamarine_chest"},{"predicate":{"trim_type":0.1,"custom_model_data":10001},"model":"yufeng:ia_auto_gen/aquamarine_chest"},{"predicate":{"trim_type":0.2,"custom_model_data":10001},"model":"yufeng:ia_auto_gen/aquamarine_chest"},{"predicate":{"trim_type":0.3,"custom_model_data":10001},"model":"yufeng:ia_auto_gen/aquamarine_chest"},{"predicate":{"trim_type":0.4,"custom_model_data":10001},"model":"yufeng:ia_auto_gen/aquamarine_chest"},{"predicate":{"trim_type":0.5,"custom_model_data":10001},"model":"yufeng:ia_auto_gen/aquamarine_chest"},{"predicate":{"trim_type":0.6,"custom_model_data":10001},"model":"yufeng:ia_auto_gen/aquamarine_chest"},{"predicate":{"trim_type":0.7,"custom_model_data":10001},"model":"yufeng:ia_auto_gen/aquamarine_chest"},{"predicate":{"trim_type":0.8,"custom_model_data":10001},"model":"yufeng:ia_auto_gen/aquamarine_chest"},{"predicate":{"trim_type":0.9,"custom_model_data":10001},"model":"yufeng:ia_auto_gen/aquamarine_chest"},{"predicate":{"trim_type":1.0,"custom_model_data":10001},"model":"yufeng:ia_auto_gen/aquamarine_chest"},{"predicate":{"custom_model_data":10002},"model":"yufeng:ia_auto_gen/amethyst_chest"},{"predicate":{"trim_type":0.1,"custom_model_data":10002},"model":"yufeng:ia_auto_gen/amethyst_chest"},{"predicate":{"trim_type":0.2,"custom_model_data":10002},"model":"yufeng:ia_auto_gen/amethyst_chest"},{"predicate":{"trim_type":0.3,"custom_model_data":10002},"model":"yufeng:ia_auto_gen/amethyst_chest"},{"predicate":{"trim_type":0.4,"custom_model_data":10002},"model":"yufeng:ia_auto_gen/amethyst_chest"},{"predicate":{"trim_type":0.5,"custom_model_data":10002},"model":"yufeng:ia_auto_gen/amethyst_chest"},{"predicate":{"trim_type":0.6,"custom_model_data":10002},"model":"yufeng:ia_auto_gen/amethyst_chest"},{"predicate":{"trim_type":0.7,"custom_model_data":10002},"model":"yufeng:ia_auto_gen/amethyst_chest"},{"predicate":{"trim_type":0.8,"custom_model_data":10002},"model":"yufeng:ia_auto_gen/amethyst_chest"},{"predicate":{"trim_type":0.9,"custom_model_data":10002},"model":"yufeng:ia_auto_gen/amethyst_chest"},{"predicate":{"trim_type":1.0,"custom_model_data":10002},"model":"yufeng:ia_auto_gen/amethyst_chest"},{"predicate":{"custom_model_data":10003},"model":"yufeng:ia_auto_gen/bronze_chest"},{"predicate":{"trim_type":0.1,"custom_model_data":10003},"model":"yufeng:ia_auto_gen/bronze_chest"},{"predicate":{"trim_type":0.2,"custom_model_data":10003},"model":"yufeng:ia_auto_gen/bronze_chest"},{"predicate":{"trim_type":0.3,"custom_model_data":10003},"model":"yufeng:ia_auto_gen/bronze_chest"},{"predicate":{"trim_type":0.4,"custom_model_data":10003},"model":"yufeng:ia_auto_gen/bronze_chest"},{"predicate":{"trim_type":0.5,"custom_model_data":10003},"model":"yufeng:ia_auto_gen/bronze_chest"},{"predicate":{"trim_type":0.6,"custom_model_data":10003},"model":"yufeng:ia_auto_gen/bronze_chest"},{"predicate":{"trim_type":0.7,"custom_model_data":10003},"model":"yufeng:ia_auto_gen/bronze_chest"},{"predicate":{"trim_type":0.8,"custom_model_data":10003},"model":"yufeng:ia_auto_gen/bronze_chest"},{"predicate":{"trim_type":0.9,"custom_model_data":10003},"model":"yufeng:ia_auto_gen/bronze_chest"},{"predicate":{"trim_type":1.0,"custom_model_data":10003},"model":"yufeng:ia_auto_gen/bronze_chest"},{"predicate":{"custom_model_data":10004},"model":"yufeng:ia_auto_gen/crystal_chest"},{"predicate":{"trim_type":0.1,"custom_model_data":10004},"model":"yufeng:ia_auto_gen/crystal_chest"},{"predicate":{"trim_type":0.2,"custom_model_data":10004},"model":"yufeng:ia_auto_gen/crystal_chest"},{"predicate":{"trim_type":0.3,"custom_model_data":10004},"model":"yufeng:ia_auto_gen/crystal_chest"},{"predicate":{"trim_type":0.4,"custom_model_data":10004},"model":"yufeng:ia_auto_gen/crystal_chest"},{"predicate":{"trim_type":0.5,"custom_model_data":10004},"model":"yufeng:ia_auto_gen/crystal_chest"},{"predicate":{"trim_type":0.6,"custom_model_data":10004},"model":"yufeng:ia_auto_gen/crystal_chest"},{"predicate":{"trim_type":0.7,"custom_model_data":10004},"model":"yufeng:ia_auto_gen/crystal_chest"},{"predicate":{"trim_type":0.8,"custom_model_data":10004},"model":"yufeng:ia_auto_gen/crystal_chest"},{"predicate":{"trim_type":0.9,"custom_model_data":10004},"model":"yufeng:ia_auto_gen/crystal_chest"},{"predicate":{"trim_type":1.0,"custom_model_data":10004},"model":"yufeng:ia_auto_gen/crystal_chest"},{"predicate":{"custom_model_data":10005},"model":"yufeng:ia_auto_gen/amazonite_chest"},{"predicate":{"trim_type":0.1,"custom_model_data":10005},"model":"yufeng:ia_auto_gen/amazonite_chest"},{"predicate":{"trim_type":0.2,"custom_model_data":10005},"model":"yufeng:ia_auto_gen/amazonite_chest"},{"predicate":{"trim_type":0.3,"custom_model_data":10005},"model":"yufeng:ia_auto_gen/amazonite_chest"},{"predicate":{"trim_type":0.4,"custom_model_data":10005},"model":"yufeng:ia_auto_gen/amazonite_chest"},{"predicate":{"trim_type":0.5,"custom_model_data":10005},"model":"yufeng:ia_auto_gen/amazonite_chest"},{"predicate":{"trim_type":0.6,"custom_model_data":10005},"model":"yufeng:ia_auto_gen/amazonite_chest"},{"predicate":{"trim_type":0.7,"custom_model_data":10005},"model":"yufeng:ia_auto_gen/amazonite_chest"},{"predicate":{"trim_type":0.8,"custom_model_data":10005},"model":"yufeng:ia_auto_gen/amazonite_chest"},{"predicate":{"trim_type":0.9,"custom_model_data":10005},"model":"yufeng:ia_auto_gen/amazonite_chest"},{"predicate":{"trim_type":1.0,"custom_model_data":10005},"model":"yufeng:ia_auto_gen/amazonite_chest"},{"predicate":{"custom_model_data":10006},"model":"yufeng:ia_auto_gen/prismanium_chest"},{"predicate":{"trim_type":0.1,"custom_model_data":10006},"model":"yufeng:ia_auto_gen/prismanium_chest"},{"predicate":{"trim_type":0.2,"custom_model_data":10006},"model":"yufeng:ia_auto_gen/prismanium_chest"},{"predicate":{"trim_type":0.3,"custom_model_data":10006},"model":"yufeng:ia_auto_gen/prismanium_chest"},{"predicate":{"trim_type":0.4,"custom_model_data":10006},"model":"yufeng:ia_auto_gen/prismanium_chest"},{"predicate":{"trim_type":0.5,"custom_model_data":10006},"model":"yufeng:ia_auto_gen/prismanium_chest"},{"predicate":{"trim_type":0.6,"custom_model_data":10006},"model":"yufeng:ia_auto_gen/prismanium_chest"},{"predicate":{"trim_type":0.7,"custom_model_data":10006},"model":"yufeng:ia_auto_gen/prismanium_chest"},{"predicate":{"trim_type":0.8,"custom_model_data":10006},"model":"yufeng:ia_auto_gen/prismanium_chest"},{"predicate":{"trim_type":0.9,"custom_model_data":10006},"model":"yufeng:ia_auto_gen/prismanium_chest"},{"predicate":{"trim_type":1.0,"custom_model_data":10006},"model":"yufeng:ia_auto_gen/prismanium_chest"},{"predicate":{"custom_model_data":10007},"model":"yufeng:ia_auto_gen/lunar_chest"},{"predicate":{"trim_type":0.1,"custom_model_data":10007},"model":"yufeng:ia_auto_gen/lunar_chest"},{"predicate":{"trim_type":0.2,"custom_model_data":10007},"model":"yufeng:ia_auto_gen/lunar_chest"},{"predicate":{"trim_type":0.3,"custom_model_data":10007},"model":"yufeng:ia_auto_gen/lunar_chest"},{"predicate":{"trim_type":0.4,"custom_model_data":10007},"model":"yufeng:ia_auto_gen/lunar_chest"},{"predicate":{"trim_type":0.5,"custom_model_data":10007},"model":"yufeng:ia_auto_gen/lunar_chest"},{"predicate":{"trim_type":0.6,"custom_model_data":10007},"model":"yufeng:ia_auto_gen/lunar_chest"},{"predicate":{"trim_type":0.7,"custom_model_data":10007},"model":"yufeng:ia_auto_gen/lunar_chest"},{"predicate":{"trim_type":0.8,"custom_model_data":10007},"model":"yufeng:ia_auto_gen/lunar_chest"},{"predicate":{"trim_type":0.9,"custom_model_data":10007},"model":"yufeng:ia_auto_gen/lunar_chest"},{"predicate":{"trim_type":1.0,"custom_model_data":10007},"model":"yufeng:ia_auto_gen/lunar_chest"},{"predicate":{"custom_model_data":10008},"model":"yufeng:ia_auto_gen/solar_chest"},{"predicate":{"trim_type":0.1,"custom_model_data":10008},"model":"yufeng:ia_auto_gen/solar_chest"},{"predicate":{"trim_type":0.2,"custom_model_data":10008},"model":"yufeng:ia_auto_gen/solar_chest"},{"predicate":{"trim_type":0.3,"custom_model_data":10008},"model":"yufeng:ia_auto_gen/solar_chest"},{"predicate":{"trim_type":0.4,"custom_model_data":10008},"model":"yufeng:ia_auto_gen/solar_chest"},{"predicate":{"trim_type":0.5,"custom_model_data":10008},"model":"yufeng:ia_auto_gen/solar_chest"},{"predicate":{"trim_type":0.6,"custom_model_data":10008},"model":"yufeng:ia_auto_gen/solar_chest"},{"predicate":{"trim_type":0.7,"custom_model_data":10008},"model":"yufeng:ia_auto_gen/solar_chest"},{"predicate":{"trim_type":0.8,"custom_model_data":10008},"model":"yufeng:ia_auto_gen/solar_chest"},{"predicate":{"trim_type":0.9,"custom_model_data":10008},"model":"yufeng:ia_auto_gen/solar_chest"},{"predicate":{"trim_type":1.0,"custom_model_data":10008},"model":"yufeng:ia_auto_gen/solar_chest"},{"predicate":{"custom_model_data":10009},"model":"yufeng:ia_auto_gen/odin_chest"},{"predicate":{"trim_type":0.1,"custom_model_data":10009},"model":"yufeng:ia_auto_gen/odin_chest"},{"predicate":{"trim_type":0.2,"custom_model_data":10009},"model":"yufeng:ia_auto_gen/odin_chest"},{"predicate":{"trim_type":0.3,"custom_model_data":10009},"model":"yufeng:ia_auto_gen/odin_chest"},{"predicate":{"trim_type":0.4,"custom_model_data":10009},"model":"yufeng:ia_auto_gen/odin_chest"},{"predicate":{"trim_type":0.5,"custom_model_data":10009},"model":"yufeng:ia_auto_gen/odin_chest"},{"predicate":{"trim_type":0.6,"custom_model_data":10009},"model":"yufeng:ia_auto_gen/odin_chest"},{"predicate":{"trim_type":0.7,"custom_model_data":10009},"model":"yufeng:ia_auto_gen/odin_chest"},{"predicate":{"trim_type":0.8,"custom_model_data":10009},"model":"yufeng:ia_auto_gen/odin_chest"},{"predicate":{"trim_type":0.9,"custom_model_data":10009},"model":"yufeng:ia_auto_gen/odin_chest"},{"predicate":{"trim_type":1.0,"custom_model_data":10009},"model":"yufeng:ia_auto_gen/odin_chest"},{"predicate":{"custom_model_data":10010},"model":"yufeng:ia_auto_gen/molten_chest"},{"predicate":{"trim_type":0.1,"custom_model_data":10010},"model":"yufeng:ia_auto_gen/molten_chest"},{"predicate":{"trim_type":0.2,"custom_model_data":10010},"model":"yufeng:ia_auto_gen/molten_chest"},{"predicate":{"trim_type":0.3,"custom_model_data":10010},"model":"yufeng:ia_auto_gen/molten_chest"},{"predicate":{"trim_type":0.4,"custom_model_data":10010},"model":"yufeng:ia_auto_gen/molten_chest"},{"predicate":{"trim_type":0.5,"custom_model_data":10010},"model":"yufeng:ia_auto_gen/molten_chest"},{"predicate":{"trim_type":0.6,"custom_model_data":10010},"model":"yufeng:ia_auto_gen/molten_chest"},{"predicate":{"trim_type":0.7,"custom_model_data":10010},"model":"yufeng:ia_auto_gen/molten_chest"},{"predicate":{"trim_type":0.8,"custom_model_data":10010},"model":"yufeng:ia_auto_gen/molten_chest"},{"predicate":{"trim_type":0.9,"custom_model_data":10010},"model":"yufeng:ia_auto_gen/molten_chest"},{"predicate":{"trim_type":1.0,"custom_model_data":10010},"model":"yufeng:ia_auto_gen/molten_chest"},{"predicate":{"custom_model_data":10011},"model":"yufeng:ia_auto_gen/draconian_chest"},{"predicate":{"trim_type":0.1,"custom_model_data":10011},"model":"yufeng:ia_auto_gen/draconian_chest"},{"predicate":{"trim_type":0.2,"custom_model_data":10011},"model":"yufeng:ia_auto_gen/draconian_chest"},{"predicate":{"trim_type":0.3,"custom_model_data":10011},"model":"yufeng:ia_auto_gen/draconian_chest"},{"predicate":{"trim_type":0.4,"custom_model_data":10011},"model":"yufeng:ia_auto_gen/draconian_chest"},{"predicate":{"trim_type":0.5,"custom_model_data":10011},"model":"yufeng:ia_auto_gen/draconian_chest"},{"predicate":{"trim_type":0.6,"custom_model_data":10011},"model":"yufeng:ia_auto_gen/draconian_chest"},{"predicate":{"trim_type":0.7,"custom_model_data":10011},"model":"yufeng:ia_auto_gen/draconian_chest"},{"predicate":{"trim_type":0.8,"custom_model_data":10011},"model":"yufeng:ia_auto_gen/draconian_chest"},{"predicate":{"trim_type":0.9,"custom_model_data":10011},"model":"yufeng:ia_auto_gen/draconian_chest"},{"predicate":{"trim_type":1.0,"custom_model_data":10011},"model":"yufeng:ia_auto_gen/draconian_chest"},{"predicate":{"custom_model_data":10012},"model":"yufeng:ia_auto_gen/endernite_chest"},{"predicate":{"trim_type":0.1,"custom_model_data":10012},"model":"yufeng:ia_auto_gen/endernite_chest"},{"predicate":{"trim_type":0.2,"custom_model_data":10012},"model":"yufeng:ia_auto_gen/endernite_chest"},{"predicate":{"trim_type":0.3,"custom_model_data":10012},"model":"yufeng:ia_auto_gen/endernite_chest"},{"predicate":{"trim_type":0.4,"custom_model_data":10012},"model":"yufeng:ia_auto_gen/endernite_chest"},{"predicate":{"trim_type":0.5,"custom_model_data":10012},"model":"yufeng:ia_auto_gen/endernite_chest"},{"predicate":{"trim_type":0.6,"custom_model_data":10012},"model":"yufeng:ia_auto_gen/endernite_chest"},{"predicate":{"trim_type":0.7,"custom_model_data":10012},"model":"yufeng:ia_auto_gen/endernite_chest"},{"predicate":{"trim_type":0.8,"custom_model_data":10012},"model":"yufeng:ia_auto_gen/endernite_chest"},{"predicate":{"trim_type":0.9,"custom_model_data":10012},"model":"yufeng:ia_auto_gen/endernite_chest"},{"predicate":{"trim_type":1.0,"custom_model_data":10012},"model":"yufeng:ia_auto_gen/endernite_chest"},{"predicate":{"custom_model_data":10013},"model":"yufeng:ia_auto_gen/bojin_chest"},{"predicate":{"trim_type":0.1,"custom_model_data":10013},"model":"yufeng:ia_auto_gen/bojin_chest"},{"predicate":{"trim_type":0.2,"custom_model_data":10013},"model":"yufeng:ia_auto_gen/bojin_chest"},{"predicate":{"trim_type":0.3,"custom_model_data":10013},"model":"yufeng:ia_auto_gen/bojin_chest"},{"predicate":{"trim_type":0.4,"custom_model_data":10013},"model":"yufeng:ia_auto_gen/bojin_chest"},{"predicate":{"trim_type":0.5,"custom_model_data":10013},"model":"yufeng:ia_auto_gen/bojin_chest"},{"predicate":{"trim_type":0.6,"custom_model_data":10013},"model":"yufeng:ia_auto_gen/bojin_chest"},{"predicate":{"trim_type":0.7,"custom_model_data":10013},"model":"yufeng:ia_auto_gen/bojin_chest"},{"predicate":{"trim_type":0.8,"custom_model_data":10013},"model":"yufeng:ia_auto_gen/bojin_chest"},{"predicate":{"trim_type":0.9,"custom_model_data":10013},"model":"yufeng:ia_auto_gen/bojin_chest"},{"predicate":{"trim_type":1.0,"custom_model_data":10013},"model":"yufeng:ia_auto_gen/bojin_chest"},{"predicate":{"custom_model_data":10014},"model":"item/leather_chestplate"}],"\u0074\u0065\u0078\u0074\u0075\u0072\u0065\u0073":{"\u006c\u0061\u0079\u0065\u00720":"\u006d\u0069\u006e\u0065\u0063\u0072\u0061\u0066\u0074:\u0069\u0074\u0065\u006d/\u006c\u0065\u0061\u0074\u0068\u0065\u0072_\u0063\u0068\u0065\u0073\u0074\u0070\u006c\u0061\u0074\u0065","\u006c\u0061\u0079\u0065\u00721":"\u006d\u0069\u006e\u0065\u0063\u0072\u0061\u0066\u0074:\u0069\u0074\u0065\u006d/\u006c\u0065\u0061\u0074\u0068\u0065\u0072_\u0063\u0068\u0065\u0073\u0074\u0070\u006c\u0061\u0074\u0065_\u006f\u0076\u0065\u0072\u006c\u0061\u0079"}}