{"parent​":"minecraft:item/magenta_stained_glass","\u0070\u0061\u0072\u0065\u006e\u0074":"\u006d\u0069\u006e\u0065\u0063\u0072\u0061\u0066\u0074:\u0062\u006c\u006f\u0063\u006b/\u0073\u0074\u006f\u006e\u0065","overrides":[{"predicate":{"custom_model_data":10000},"model":"yufeng:ia_auto_gen/crystal_ore"},{"predicate":{"custom_model_data":10001},"model":"yufeng:ia_auto_gen/amazonite_ore"},{"predicate":{"custom_model_data":10002},"model":"yufeng:ia_auto_gen/sapphire_ore"},{"predicate":{"custom_model_data":10003},"model":"yufeng:ia_auto_gen/topaz_ore"},{"predicate":{"custom_model_data":10004},"model":"yufeng:ia_auto_gen/molten_ore"},{"predicate":{"custom_model_data":10005},"model":"yufeng:ia_auto_gen/draconian_block"},{"predicate":{"custom_model_data":10006},"model":"yufeng:ia_auto_gen/endernite_ore"},{"predicate":{"custom_model_data":10007},"model":"yufeng:ia_auto_gen/paper_block"},{"predicate":{"custom_model_data":10008},"model":"yufeng:ia_auto_gen/bronze_block"},{"predicate":{"custom_model_data":10009},"model":"item/stone"}]}