{"parent​":"minecraft:item/white_stained_glass","\u0070\u0061\u0072\u0065\u006e\u0074":"\u006d\u0069\u006e\u0065\u0063\u0072\u0061\u0066\u0074:\u0062\u006c\u006f\u0063\u006b/\u0073\u0074\u006f\u006e\u0065","overrides":[{"predicate":{"custom_model_data":10000},"model":"yufeng:item/ia_auto/crystal_ore"},{"predicate":{"custom_model_data":10001},"model":"yufeng:item/ia_auto/amazonite_ore"},{"predicate":{"custom_model_data":10002},"model":"yufeng:item/ia_auto/sapphire_ore"},{"predicate":{"custom_model_data":10003},"model":"yufeng:item/ia_auto/topaz_ore"},{"predicate":{"custom_model_data":10004},"model":"yufeng:item/ia_auto/molten_ore"},{"predicate":{"custom_model_data":10005},"model":"yufeng:item/ia_auto/draconian_block"},{"predicate":{"custom_model_data":10006},"model":"yufeng:item/ia_auto/endernite_ore"},{"predicate":{"custom_model_data":10007},"model":"yufeng:item/ia_auto/paper_block"},{"predicate":{"custom_model_data":10008},"model":"yufeng:item/ia_auto/bronze_block"},{"predicate":{"custom_model_data":10009},"model":"item/stone"}]}