{"parent​":"minecraft:item/carved_pumpkin","\u0070\u0061\u0072\u0065\u006e\u0074":"\u0079\u0075\u0066\u0065\u006e\u0067:\u0069\u0074\u0065\u006d/\u006d\u006f\u006c\u0074\u0065\u006e_\u0073\u0068\u0069\u0065\u006c\u0064","display":{"thirdperson_righthand":{"rotation":[32,32,6],"translation":[6.8,1.32,-3.4],"scale":[1,1,1]},"thirdperson_lefthand":{"rotation":[32,-148,-6],"translation":[6.8,1.32,-2.4],"scale":[1,1,1]},"ground":{"rotation":[1,-62,78],"translation":[7.56,0,0],"scale":[0.7,0.7,0.7]},"firstperson_righthand":{"rotation":[0,90,0],"translation":[-6,-1.51,-1],"scale":[1,1,1]},"firstperson_lefthand":{"rotation":[0,90,0],"translation":[-6,-1.51,10],"scale":[1,1,1]},"gui":{"rotation":[0,-90,0],"translation":[0,-1.25,0],"scale":[0.77,0.77,0.77]}}}