{"model":{"type":"range_dispatch","property":"custom_model_data","index":0,"fallback":{"type":"minecraft:model","model":"minecraft:item/diamond_hoe"},"entries":[{"threshold":10000,"model":{"type":"model","model":"yufeng:item/ia_auto/ruby_hoe"}},{"threshold":10001,"model":{"type":"model","model":"yufeng:item/ia_auto/aquamarine_hoe"}},{"threshold":10002,"model":{"type":"model","model":"yufeng:item/ia_auto/amethyst_hoe"}},{"threshold":10003,"model":{"type":"model","model":"yufeng:item/ia_auto/bronze_hoe"}},{"threshold":10004,"model":{"type":"model","model":"yufeng:item/ia_auto/crystal_hoe"}},{"threshold":10005,"model":{"type":"model","model":"yufeng:item/ia_auto/amazonite_hoe"}},{"threshold":10006,"model":{"type":"model","model":"yufeng:item/ia_auto/prismanium_hoe"}},{"threshold":10007,"model":{"type":"model","model":"yufeng:item/ia_auto/lunar_hoe"}},{"threshold":10008,"model":{"type":"model","model":"yufeng:item/ia_auto/solar_hoe"}},{"threshold":10009,"model":{"type":"model","model":"yufeng:item/ia_auto/molten_hoe"}},{"threshold":10010,"model":{"type":"model","model":"yufeng:item/ia_auto/draconian_hoe"}},{"threshold":10011,"model":{"type":"model","model":"yufeng:item/ia_auto/endernite_hoe"}},{"threshold":10012,"model":{"type":"model","model":"item/diamond_hoe"}}]},"oversized_in_gui":true}